Copyright 1986-2022 Xilinx, Inc. All Rights Reserved. Copyright 2022-2023 Advanced Micro Devices, Inc. All Rights Reserved.
------------------------------------------------------------------------------------------------------------------------------------------------------------------------------------------------------
| Tool Version : Vivado v.2023.1 (win64) Build 3865809 Sun May  7 15:05:29 MDT 2023
| Date         : Tue Apr 14 20:02:42 2026
| Host         : LAPTOP-2AUH8QS2 running 64-bit major release  (build 9200)
| Command      : report_timing_summary -max_paths 10 -report_unconstrained -file top_timing_summary_routed.rpt -pb top_timing_summary_routed.pb -rpx top_timing_summary_routed.rpx -warn_on_violation
| Design       : top
| Device       : 7a35ti-cpg236
| Speed File   : -1L  PRODUCTION 1.23 2018-06-13
| Design State : Routed
------------------------------------------------------------------------------------------------------------------------------------------------------------------------------------------------------

Timing Summary Report

------------------------------------------------------------------------------------------------
| Timer Settings
| --------------
------------------------------------------------------------------------------------------------

  Enable Multi Corner Analysis               :  Yes
  Enable Pessimism Removal                   :  Yes
  Pessimism Removal Resolution               :  Nearest Common Node
  Enable Input Delay Default Clock           :  No
  Enable Preset / Clear Arcs                 :  No
  Disable Flight Delays                      :  No
  Ignore I/O Paths                           :  No
  Timing Early Launch at Borrowing Latches   :  No
  Borrow Time for Max Delay Exceptions       :  Yes
  Merge Timing Exceptions                    :  Yes

  Corner  Analyze    Analyze    
  Name    Max Paths  Min Paths  
  ------  ---------  ---------  
  Slow    Yes        Yes        
  Fast    Yes        Yes        


------------------------------------------------------------------------------------------------
| Report Methodology
| ------------------
------------------------------------------------------------------------------------------------

Rule       Severity  Description                    Violations  
---------  --------  -----------------------------  ----------  
TIMING-18  Warning   Missing input or output delay  48          

Note: This report is based on the most recent report_methodology run and may not be up-to-date. Run report_methodology on the current design for the latest report.



check_timing report

Table of Contents
-----------------
1. checking no_clock (0)
2. checking constant_clock (0)
3. checking pulse_width_clock (0)
4. checking unconstrained_internal_endpoints (0)
5. checking no_input_delay (6)
6. checking no_output_delay (21)
7. checking multiple_clock (0)
8. checking generated_clocks (0)
9. checking loops (0)
10. checking partial_input_delay (0)
11. checking partial_output_delay (0)
12. checking latch_loops (0)

1. checking no_clock (0)
------------------------
 There are 0 register/latch pins with no clock.


2. checking constant_clock (0)
------------------------------
 There are 0 register/latch pins with constant_clock.


3. checking pulse_width_clock (0)
---------------------------------
 There are 0 register/latch pins which need pulse_width check


4. checking unconstrained_internal_endpoints (0)
------------------------------------------------
 There are 0 pins that are not constrained for maximum delay.

 There are 0 pins that are not constrained for maximum delay due to constant clock.


5. checking no_input_delay (6)
------------------------------
 There are 6 input ports with no input delay specified. (HIGH)

 There are 0 input ports with no input delay but user has a false path constraint.


6. checking no_output_delay (21)
--------------------------------
 There are 21 ports with no output delay specified. (HIGH)

 There are 0 ports with no output delay but user has a false path constraint

 There are 0 ports with no output delay but with a timing clock defined on it or propagating through it


7. checking multiple_clock (0)
------------------------------
 There are 0 register/latch pins with multiple clocks.


8. checking generated_clocks (0)
--------------------------------
 There are 0 generated clocks that are not connected to a clock source.


9. checking loops (0)
---------------------
 There are 0 combinational loops in the design.


10. checking partial_input_delay (0)
------------------------------------
 There are 0 input ports with partial input delay specified.


11. checking partial_output_delay (0)
-------------------------------------
 There are 0 ports with partial output delay specified.


12. checking latch_loops (0)
----------------------------
 There are 0 combinational latch loops in the design through latch input



------------------------------------------------------------------------------------------------
| Design Timing Summary
| ---------------------
------------------------------------------------------------------------------------------------

    WNS(ns)      TNS(ns)  TNS Failing Endpoints  TNS Total Endpoints      WHS(ns)      THS(ns)  THS Failing Endpoints  THS Total Endpoints     WPWS(ns)     TPWS(ns)  TPWS Failing Endpoints  TPWS Total Endpoints  
    -------      -------  ---------------------  -------------------      -------      -------  ---------------------  -------------------     --------     --------  ----------------------  --------------------  
      1.195        0.000                      0                  334        0.176        0.000                      0                  334        4.500        0.000                       0                   270  


All user specified timing constraints are met.


------------------------------------------------------------------------------------------------
| Clock Summary
| -------------
------------------------------------------------------------------------------------------------

Clock        Waveform(ns)       Period(ns)      Frequency(MHz)
-----        ------------       ----------      --------------
sys_clk_pin  {0.000 5.000}      10.000          100.000         


------------------------------------------------------------------------------------------------
| Intra Clock Table
| -----------------
------------------------------------------------------------------------------------------------

Clock             WNS(ns)      TNS(ns)  TNS Failing Endpoints  TNS Total Endpoints      WHS(ns)      THS(ns)  THS Failing Endpoints  THS Total Endpoints     WPWS(ns)     TPWS(ns)  TPWS Failing Endpoints  TPWS Total Endpoints  
-----             -------      -------  ---------------------  -------------------      -------      -------  ---------------------  -------------------     --------     --------  ----------------------  --------------------  
sys_clk_pin         1.195        0.000                      0                  334        0.176        0.000                      0                  334        4.500        0.000                       0                   270  


------------------------------------------------------------------------------------------------
| Inter Clock Table
| -----------------
------------------------------------------------------------------------------------------------

From Clock    To Clock          WNS(ns)      TNS(ns)  TNS Failing Endpoints  TNS Total Endpoints      WHS(ns)      THS(ns)  THS Failing Endpoints  THS Total Endpoints  
----------    --------          -------      -------  ---------------------  -------------------      -------      -------  ---------------------  -------------------  


------------------------------------------------------------------------------------------------
| Other Path Groups Table
| -----------------------
------------------------------------------------------------------------------------------------

Path Group    From Clock    To Clock          WNS(ns)      TNS(ns)  TNS Failing Endpoints  TNS Total Endpoints      WHS(ns)      THS(ns)  THS Failing Endpoints  THS Total Endpoints  
----------    ----------    --------          -------      -------  ---------------------  -------------------      -------      -------  ---------------------  -------------------  


------------------------------------------------------------------------------------------------
| User Ignored Path Table
| -----------------------
------------------------------------------------------------------------------------------------

Path Group    From Clock    To Clock    
----------    ----------    --------    


------------------------------------------------------------------------------------------------
| Unconstrained Path Table
| ------------------------
------------------------------------------------------------------------------------------------

Path Group    From Clock    To Clock    
----------    ----------    --------    
(none)        sys_clk_pin                 
(none)                      sys_clk_pin   


------------------------------------------------------------------------------------------------
| Timing Details
| --------------
------------------------------------------------------------------------------------------------


---------------------------------------------------------------------------------------------------
From Clock:  sys_clk_pin
  To Clock:  sys_clk_pin

Setup :            0  Failing Endpoints,  Worst Slack        1.195ns,  Total Violation        0.000ns
Hold  :            0  Failing Endpoints,  Worst Slack        0.176ns,  Total Violation        0.000ns
PW    :            0  Failing Endpoints,  Worst Slack        4.500ns,  Total Violation        0.000ns
---------------------------------------------------------------------------------------------------


Max Delay Paths
--------------------------------------------------------------------------------------
Slack (MET) :             1.195ns  (required time - arrival time)
  Source:                 u_controller/cpu_hp_reg[2]/C
                            (rising edge-triggered cell FDCE clocked by sys_clk_pin  {rise@0.000ns fall@5.000ns period=10.000ns})
  Destination:            u_controller/u_cpu_rules/tie_mask_r_reg[1]/D
                            (rising edge-triggered cell FDCE clocked by sys_clk_pin  {rise@0.000ns fall@5.000ns period=10.000ns})
  Path Group:             sys_clk_pin
  Path Type:              Setup (Max at Slow Process Corner)
  Requirement:            10.000ns  (sys_clk_pin rise@10.000ns - sys_clk_pin rise@0.000ns)
  Data Path Delay:        8.765ns  (logic 1.938ns (22.112%)  route 6.827ns (77.888%))
  Logic Levels:           9  (LUT4=2 LUT5=1 LUT6=6)
  Clock Path Skew:        -0.034ns (DCD - SCD + CPR)
    Destination Clock Delay (DCD):    4.851ns = ( 14.851 - 10.000 ) 
    Source Clock Delay      (SCD):    5.145ns
    Clock Pessimism Removal (CPR):    0.260ns
  Clock Uncertainty:      0.035ns  ((TSJ^2 + TIJ^2)^1/2 + DJ) / 2 + PE
    Total System Jitter     (TSJ):    0.071ns
    Total Input Jitter      (TIJ):    0.000ns
    Discrete Jitter          (DJ):    0.000ns
    Phase Error              (PE):    0.000ns

    Location             Delay type                Incr(ns)  Path(ns)    Netlist Resource(s)
  -------------------------------------------------------------------    -------------------
                         (clock sys_clk_pin rise edge)
                                                      0.000     0.000 r  
    W5                                                0.000     0.000 r  clk (IN)
                         net (fo=0)                   0.000     0.000    clk
    W5                   IBUF (Prop_ibuf_I_O)         1.458     1.458 r  clk_IBUF_inst/O
                         net (fo=1, routed)           1.967     3.425    clk_IBUF
    BUFGCTRL_X0Y0        BUFG (Prop_bufg_I_O)         0.096     3.521 r  clk_IBUF_BUFG_inst/O
                         net (fo=269, routed)         1.624     5.145    u_controller/CLK
    SLICE_X1Y21          FDCE                                         r  u_controller/cpu_hp_reg[2]/C
  -------------------------------------------------------------------    -------------------
    SLICE_X1Y21          FDCE (Prop_fdce_C_Q)         0.419     5.564 f  u_controller/cpu_hp_reg[2]/Q
                         net (fo=23, routed)          1.038     6.602    u_controller/u_cpu_rules/cpu_hp_reg[3]_0[2]
    SLICE_X3Y19          LUT4 (Prop_lut4_I2_O)        0.299     6.901 r  u_controller/u_cpu_rules/tie_mask_r[0]_i_7/O
                         net (fo=3, routed)           0.780     7.681    u_controller/u_cpu_rules/tie_mask_r[0]_i_7_n_0
    SLICE_X3Y20          LUT6 (Prop_lut6_I0_O)        0.124     7.805 r  u_controller/u_cpu_rules/score_a_r[4]_i_3/O
                         net (fo=2, routed)           0.678     8.483    u_controller/u_cpu_rules/score_a_r[4]_i_3_n_0
    SLICE_X3Y20          LUT6 (Prop_lut6_I0_O)        0.124     8.607 r  u_controller/u_cpu_rules/score_a_r[3]_i_2/O
                         net (fo=8, routed)           0.679     9.286    u_controller/u_cpu_rules/score_a_r[3]_i_2_n_0
    SLICE_X4Y18          LUT6 (Prop_lut6_I0_O)        0.124     9.410 r  u_controller/u_cpu_rules/max_score_r[2]_i_5/O
                         net (fo=3, routed)           0.504     9.914    u_controller/u_cpu_rules/max_score_r[2]_i_5_n_0
    SLICE_X5Y17          LUT6 (Prop_lut6_I2_O)        0.124    10.038 f  u_controller/u_cpu_rules/max_score_r[2]_i_4/O
                         net (fo=6, routed)           0.808    10.846    u_controller/u_cpu_rules/max_score_r[2]_i_4_n_0
    SLICE_X5Y16          LUT4 (Prop_lut4_I0_O)        0.150    10.996 r  u_controller/u_cpu_rules/tie_mask_r[3]_i_9/O
                         net (fo=4, routed)           0.823    11.819    u_controller/u_cpu_rules/tie_mask_r[3]_i_9_n_0
    SLICE_X6Y16          LUT6 (Prop_lut6_I2_O)        0.326    12.145 r  u_controller/u_cpu_rules/tie_mask_r[2]_i_13/O
                         net (fo=1, routed)           0.871    13.016    u_controller/u_cpu_rules/tie_mask_r[2]_i_13_n_0
    SLICE_X8Y16          LUT6 (Prop_lut6_I3_O)        0.124    13.140 r  u_controller/u_cpu_rules/tie_mask_r[2]_i_3/O
                         net (fo=4, routed)           0.646    13.786    u_controller/u_cpu_rules/tie_mask_r[2]_i_3_n_0
    SLICE_X7Y16          LUT5 (Prop_lut5_I0_O)        0.124    13.910 r  u_controller/u_cpu_rules/tie_mask_r[1]_i_1/O
                         net (fo=1, routed)           0.000    13.910    u_controller/u_cpu_rules/tie_mask_r[1]_i_1_n_0
    SLICE_X7Y16          FDCE                                         r  u_controller/u_cpu_rules/tie_mask_r_reg[1]/D
  -------------------------------------------------------------------    -------------------

                         (clock sys_clk_pin rise edge)
                                                     10.000    10.000 r  
    W5                                                0.000    10.000 r  clk (IN)
                         net (fo=0)                   0.000    10.000    clk
    W5                   IBUF (Prop_ibuf_I_O)         1.388    11.388 r  clk_IBUF_inst/O
                         net (fo=1, routed)           1.862    13.250    clk_IBUF
    BUFGCTRL_X0Y0        BUFG (Prop_bufg_I_O)         0.091    13.341 r  clk_IBUF_BUFG_inst/O
                         net (fo=269, routed)         1.510    14.851    u_controller/u_cpu_rules/CLK
    SLICE_X7Y16          FDCE                                         r  u_controller/u_cpu_rules/tie_mask_r_reg[1]/C
                         clock pessimism              0.260    15.111    
                         clock uncertainty           -0.035    15.076    
    SLICE_X7Y16          FDCE (Setup_fdce_C_D)        0.029    15.105    u_controller/u_cpu_rules/tie_mask_r_reg[1]
  -------------------------------------------------------------------
                         required time                         15.105    
                         arrival time                         -13.910    
  -------------------------------------------------------------------
                         slack                                  1.195    

Slack (MET) :             1.201ns  (required time - arrival time)
  Source:                 u_controller/cpu_hp_reg[2]/C
                            (rising edge-triggered cell FDCE clocked by sys_clk_pin  {rise@0.000ns fall@5.000ns period=10.000ns})
  Destination:            u_controller/u_cpu_rules/tie_mask_r_reg[0]/D
                            (rising edge-triggered cell FDPE clocked by sys_clk_pin  {rise@0.000ns fall@5.000ns period=10.000ns})
  Path Group:             sys_clk_pin
  Path Type:              Setup (Max at Slow Process Corner)
  Requirement:            10.000ns  (sys_clk_pin rise@10.000ns - sys_clk_pin rise@0.000ns)
  Data Path Delay:        8.741ns  (logic 1.938ns (22.171%)  route 6.803ns (77.829%))
  Logic Levels:           9  (LUT4=2 LUT6=7)
  Clock Path Skew:        -0.102ns (DCD - SCD + CPR)
    Destination Clock Delay (DCD):    4.783ns = ( 14.783 - 10.000 ) 
    Source Clock Delay      (SCD):    5.145ns
    Clock Pessimism Removal (CPR):    0.260ns
  Clock Uncertainty:      0.035ns  ((TSJ^2 + TIJ^2)^1/2 + DJ) / 2 + PE
    Total System Jitter     (TSJ):    0.071ns
    Total Input Jitter      (TIJ):    0.000ns
    Discrete Jitter          (DJ):    0.000ns
    Phase Error              (PE):    0.000ns

    Location             Delay type                Incr(ns)  Path(ns)    Netlist Resource(s)
  -------------------------------------------------------------------    -------------------
                         (clock sys_clk_pin rise edge)
                                                      0.000     0.000 r  
    W5                                                0.000     0.000 r  clk (IN)
                         net (fo=0)                   0.000     0.000    clk
    W5                   IBUF (Prop_ibuf_I_O)         1.458     1.458 r  clk_IBUF_inst/O
                         net (fo=1, routed)           1.967     3.425    clk_IBUF
    BUFGCTRL_X0Y0        BUFG (Prop_bufg_I_O)         0.096     3.521 r  clk_IBUF_BUFG_inst/O
                         net (fo=269, routed)         1.624     5.145    u_controller/CLK
    SLICE_X1Y21          FDCE                                         r  u_controller/cpu_hp_reg[2]/C
  -------------------------------------------------------------------    -------------------
    SLICE_X1Y21          FDCE (Prop_fdce_C_Q)         0.419     5.564 f  u_controller/cpu_hp_reg[2]/Q
                         net (fo=23, routed)          1.038     6.602    u_controller/u_cpu_rules/cpu_hp_reg[3]_0[2]
    SLICE_X3Y19          LUT4 (Prop_lut4_I2_O)        0.299     6.901 r  u_controller/u_cpu_rules/tie_mask_r[0]_i_7/O
                         net (fo=3, routed)           0.780     7.681    u_controller/u_cpu_rules/tie_mask_r[0]_i_7_n_0
    SLICE_X3Y20          LUT6 (Prop_lut6_I0_O)        0.124     7.805 r  u_controller/u_cpu_rules/score_a_r[4]_i_3/O
                         net (fo=2, routed)           0.678     8.483    u_controller/u_cpu_rules/score_a_r[4]_i_3_n_0
    SLICE_X3Y20          LUT6 (Prop_lut6_I0_O)        0.124     8.607 r  u_controller/u_cpu_rules/score_a_r[3]_i_2/O
                         net (fo=8, routed)           0.679     9.286    u_controller/u_cpu_rules/score_a_r[3]_i_2_n_0
    SLICE_X4Y18          LUT6 (Prop_lut6_I0_O)        0.124     9.410 r  u_controller/u_cpu_rules/max_score_r[2]_i_5/O
                         net (fo=3, routed)           0.504     9.914    u_controller/u_cpu_rules/max_score_r[2]_i_5_n_0
    SLICE_X5Y17          LUT6 (Prop_lut6_I2_O)        0.124    10.038 f  u_controller/u_cpu_rules/max_score_r[2]_i_4/O
                         net (fo=6, routed)           0.808    10.846    u_controller/u_cpu_rules/max_score_r[2]_i_4_n_0
    SLICE_X5Y16          LUT4 (Prop_lut4_I0_O)        0.150    10.996 r  u_controller/u_cpu_rules/tie_mask_r[3]_i_9/O
                         net (fo=4, routed)           0.823    11.819    u_controller/u_cpu_rules/tie_mask_r[3]_i_9_n_0
    SLICE_X6Y16          LUT6 (Prop_lut6_I2_O)        0.326    12.145 r  u_controller/u_cpu_rules/tie_mask_r[2]_i_13/O
                         net (fo=1, routed)           0.871    13.016    u_controller/u_cpu_rules/tie_mask_r[2]_i_13_n_0
    SLICE_X8Y16          LUT6 (Prop_lut6_I3_O)        0.124    13.140 r  u_controller/u_cpu_rules/tie_mask_r[2]_i_3/O
                         net (fo=4, routed)           0.623    13.762    u_controller/u_cpu_rules/tie_mask_r[2]_i_3_n_0
    SLICE_X8Y17          LUT6 (Prop_lut6_I2_O)        0.124    13.886 r  u_controller/u_cpu_rules/tie_mask_r[0]_i_1/O
                         net (fo=1, routed)           0.000    13.886    u_controller/u_cpu_rules/tie_mask_r[0]_i_1_n_0
    SLICE_X8Y17          FDPE                                         r  u_controller/u_cpu_rules/tie_mask_r_reg[0]/D
  -------------------------------------------------------------------    -------------------

                         (clock sys_clk_pin rise edge)
                                                     10.000    10.000 r  
    W5                                                0.000    10.000 r  clk (IN)
                         net (fo=0)                   0.000    10.000    clk
    W5                   IBUF (Prop_ibuf_I_O)         1.388    11.388 r  clk_IBUF_inst/O
                         net (fo=1, routed)           1.862    13.250    clk_IBUF
    BUFGCTRL_X0Y0        BUFG (Prop_bufg_I_O)         0.091    13.341 r  clk_IBUF_BUFG_inst/O
                         net (fo=269, routed)         1.442    14.783    u_controller/u_cpu_rules/CLK
    SLICE_X8Y17          FDPE                                         r  u_controller/u_cpu_rules/tie_mask_r_reg[0]/C
                         clock pessimism              0.260    15.043    
                         clock uncertainty           -0.035    15.008    
    SLICE_X8Y17          FDPE (Setup_fdpe_C_D)        0.079    15.087    u_controller/u_cpu_rules/tie_mask_r_reg[0]
  -------------------------------------------------------------------
                         required time                         15.087    
                         arrival time                         -13.886    
  -------------------------------------------------------------------
                         slack                                  1.201    

Slack (MET) :             1.374ns  (required time - arrival time)
  Source:                 u_controller/cpu_hp_reg[2]/C
                            (rising edge-triggered cell FDCE clocked by sys_clk_pin  {rise@0.000ns fall@5.000ns period=10.000ns})
  Destination:            u_controller/u_cpu_rules/tie_mask_r_reg[2]/D
                            (rising edge-triggered cell FDCE clocked by sys_clk_pin  {rise@0.000ns fall@5.000ns period=10.000ns})
  Path Group:             sys_clk_pin
  Path Type:              Setup (Max at Slow Process Corner)
  Requirement:            10.000ns  (sys_clk_pin rise@10.000ns - sys_clk_pin rise@0.000ns)
  Data Path Delay:        8.567ns  (logic 1.938ns (22.622%)  route 6.629ns (77.378%))
  Logic Levels:           9  (LUT4=2 LUT6=7)
  Clock Path Skew:        -0.101ns (DCD - SCD + CPR)
    Destination Clock Delay (DCD):    4.784ns = ( 14.784 - 10.000 ) 
    Source Clock Delay      (SCD):    5.145ns
    Clock Pessimism Removal (CPR):    0.260ns
  Clock Uncertainty:      0.035ns  ((TSJ^2 + TIJ^2)^1/2 + DJ) / 2 + PE
    Total System Jitter     (TSJ):    0.071ns
    Total Input Jitter      (TIJ):    0.000ns
    Discrete Jitter          (DJ):    0.000ns
    Phase Error              (PE):    0.000ns

    Location             Delay type                Incr(ns)  Path(ns)    Netlist Resource(s)
  -------------------------------------------------------------------    -------------------
                         (clock sys_clk_pin rise edge)
                                                      0.000     0.000 r  
    W5                                                0.000     0.000 r  clk (IN)
                         net (fo=0)                   0.000     0.000    clk
    W5                   IBUF (Prop_ibuf_I_O)         1.458     1.458 r  clk_IBUF_inst/O
                         net (fo=1, routed)           1.967     3.425    clk_IBUF
    BUFGCTRL_X0Y0        BUFG (Prop_bufg_I_O)         0.096     3.521 r  clk_IBUF_BUFG_inst/O
                         net (fo=269, routed)         1.624     5.145    u_controller/CLK
    SLICE_X1Y21          FDCE                                         r  u_controller/cpu_hp_reg[2]/C
  -------------------------------------------------------------------    -------------------
    SLICE_X1Y21          FDCE (Prop_fdce_C_Q)         0.419     5.564 f  u_controller/cpu_hp_reg[2]/Q
                         net (fo=23, routed)          1.038     6.602    u_controller/u_cpu_rules/cpu_hp_reg[3]_0[2]
    SLICE_X3Y19          LUT4 (Prop_lut4_I2_O)        0.299     6.901 r  u_controller/u_cpu_rules/tie_mask_r[0]_i_7/O
                         net (fo=3, routed)           0.780     7.681    u_controller/u_cpu_rules/tie_mask_r[0]_i_7_n_0
    SLICE_X3Y20          LUT6 (Prop_lut6_I0_O)        0.124     7.805 r  u_controller/u_cpu_rules/score_a_r[4]_i_3/O
                         net (fo=2, routed)           0.678     8.483    u_controller/u_cpu_rules/score_a_r[4]_i_3_n_0
    SLICE_X3Y20          LUT6 (Prop_lut6_I0_O)        0.124     8.607 r  u_controller/u_cpu_rules/score_a_r[3]_i_2/O
                         net (fo=8, routed)           0.679     9.286    u_controller/u_cpu_rules/score_a_r[3]_i_2_n_0
    SLICE_X4Y18          LUT6 (Prop_lut6_I0_O)        0.124     9.410 r  u_controller/u_cpu_rules/max_score_r[2]_i_5/O
                         net (fo=3, routed)           0.504     9.914    u_controller/u_cpu_rules/max_score_r[2]_i_5_n_0
    SLICE_X5Y17          LUT6 (Prop_lut6_I2_O)        0.124    10.038 f  u_controller/u_cpu_rules/max_score_r[2]_i_4/O
                         net (fo=6, routed)           0.808    10.846    u_controller/u_cpu_rules/max_score_r[2]_i_4_n_0
    SLICE_X5Y16          LUT4 (Prop_lut4_I0_O)        0.150    10.996 r  u_controller/u_cpu_rules/tie_mask_r[3]_i_9/O
                         net (fo=4, routed)           0.823    11.819    u_controller/u_cpu_rules/tie_mask_r[3]_i_9_n_0
    SLICE_X6Y16          LUT6 (Prop_lut6_I2_O)        0.326    12.145 r  u_controller/u_cpu_rules/tie_mask_r[2]_i_13/O
                         net (fo=1, routed)           0.871    13.016    u_controller/u_cpu_rules/tie_mask_r[2]_i_13_n_0
    SLICE_X8Y16          LUT6 (Prop_lut6_I3_O)        0.124    13.140 r  u_controller/u_cpu_rules/tie_mask_r[2]_i_3/O
                         net (fo=4, routed)           0.449    13.588    u_controller/u_cpu_rules/tie_mask_r[2]_i_3_n_0
    SLICE_X8Y16          LUT6 (Prop_lut6_I1_O)        0.124    13.712 r  u_controller/u_cpu_rules/tie_mask_r[2]_i_1/O
                         net (fo=1, routed)           0.000    13.712    u_controller/u_cpu_rules/tie_mask_r[2]_i_1_n_0
    SLICE_X8Y16          FDCE                                         r  u_controller/u_cpu_rules/tie_mask_r_reg[2]/D
  -------------------------------------------------------------------    -------------------

                         (clock sys_clk_pin rise edge)
                                                     10.000    10.000 r  
    W5                                                0.000    10.000 r  clk (IN)
                         net (fo=0)                   0.000    10.000    clk
    W5                   IBUF (Prop_ibuf_I_O)         1.388    11.388 r  clk_IBUF_inst/O
                         net (fo=1, routed)           1.862    13.250    clk_IBUF
    BUFGCTRL_X0Y0        BUFG (Prop_bufg_I_O)         0.091    13.341 r  clk_IBUF_BUFG_inst/O
                         net (fo=269, routed)         1.443    14.784    u_controller/u_cpu_rules/CLK
    SLICE_X8Y16          FDCE                                         r  u_controller/u_cpu_rules/tie_mask_r_reg[2]/C
                         clock pessimism              0.260    15.044    
                         clock uncertainty           -0.035    15.009    
    SLICE_X8Y16          FDCE (Setup_fdce_C_D)        0.077    15.086    u_controller/u_cpu_rules/tie_mask_r_reg[2]
  -------------------------------------------------------------------
                         required time                         15.086    
                         arrival time                         -13.712    
  -------------------------------------------------------------------
                         slack                                  1.374    

Slack (MET) :             1.387ns  (required time - arrival time)
  Source:                 u_controller/cpu_hp_reg[2]/C
                            (rising edge-triggered cell FDCE clocked by sys_clk_pin  {rise@0.000ns fall@5.000ns period=10.000ns})
  Destination:            u_controller/u_cpu_rules/tie_mask_r_reg[3]/D
                            (rising edge-triggered cell FDCE clocked by sys_clk_pin  {rise@0.000ns fall@5.000ns period=10.000ns})
  Path Group:             sys_clk_pin
  Path Type:              Setup (Max at Slow Process Corner)
  Requirement:            10.000ns  (sys_clk_pin rise@10.000ns - sys_clk_pin rise@0.000ns)
  Data Path Delay:        8.566ns  (logic 1.964ns (22.928%)  route 6.602ns (77.072%))
  Logic Levels:           9  (LUT4=2 LUT5=1 LUT6=6)
  Clock Path Skew:        -0.104ns (DCD - SCD + CPR)
    Destination Clock Delay (DCD):    4.781ns = ( 14.781 - 10.000 ) 
    Source Clock Delay      (SCD):    5.145ns
    Clock Pessimism Removal (CPR):    0.260ns
  Clock Uncertainty:      0.035ns  ((TSJ^2 + TIJ^2)^1/2 + DJ) / 2 + PE
    Total System Jitter     (TSJ):    0.071ns
    Total Input Jitter      (TIJ):    0.000ns
    Discrete Jitter          (DJ):    0.000ns
    Phase Error              (PE):    0.000ns

    Location             Delay type                Incr(ns)  Path(ns)    Netlist Resource(s)
  -------------------------------------------------------------------    -------------------
                         (clock sys_clk_pin rise edge)
                                                      0.000     0.000 r  
    W5                                                0.000     0.000 r  clk (IN)
                         net (fo=0)                   0.000     0.000    clk
    W5                   IBUF (Prop_ibuf_I_O)         1.458     1.458 r  clk_IBUF_inst/O
                         net (fo=1, routed)           1.967     3.425    clk_IBUF
    BUFGCTRL_X0Y0        BUFG (Prop_bufg_I_O)         0.096     3.521 r  clk_IBUF_BUFG_inst/O
                         net (fo=269, routed)         1.624     5.145    u_controller/CLK
    SLICE_X1Y21          FDCE                                         r  u_controller/cpu_hp_reg[2]/C
  -------------------------------------------------------------------    -------------------
    SLICE_X1Y21          FDCE (Prop_fdce_C_Q)         0.419     5.564 f  u_controller/cpu_hp_reg[2]/Q
                         net (fo=23, routed)          1.038     6.602    u_controller/u_cpu_rules/cpu_hp_reg[3]_0[2]
    SLICE_X3Y19          LUT4 (Prop_lut4_I2_O)        0.299     6.901 r  u_controller/u_cpu_rules/tie_mask_r[0]_i_7/O
                         net (fo=3, routed)           0.780     7.681    u_controller/u_cpu_rules/tie_mask_r[0]_i_7_n_0
    SLICE_X3Y20          LUT6 (Prop_lut6_I0_O)        0.124     7.805 r  u_controller/u_cpu_rules/score_a_r[4]_i_3/O
                         net (fo=2, routed)           0.678     8.483    u_controller/u_cpu_rules/score_a_r[4]_i_3_n_0
    SLICE_X3Y20          LUT6 (Prop_lut6_I0_O)        0.124     8.607 r  u_controller/u_cpu_rules/score_a_r[3]_i_2/O
                         net (fo=8, routed)           0.679     9.286    u_controller/u_cpu_rules/score_a_r[3]_i_2_n_0
    SLICE_X4Y18          LUT6 (Prop_lut6_I0_O)        0.124     9.410 r  u_controller/u_cpu_rules/max_score_r[2]_i_5/O
                         net (fo=3, routed)           0.504     9.914    u_controller/u_cpu_rules/max_score_r[2]_i_5_n_0
    SLICE_X5Y17          LUT6 (Prop_lut6_I2_O)        0.124    10.038 f  u_controller/u_cpu_rules/max_score_r[2]_i_4/O
                         net (fo=6, routed)           0.808    10.846    u_controller/u_cpu_rules/max_score_r[2]_i_4_n_0
    SLICE_X5Y16          LUT4 (Prop_lut4_I0_O)        0.150    10.996 r  u_controller/u_cpu_rules/tie_mask_r[3]_i_9/O
                         net (fo=4, routed)           0.809    11.805    u_controller/u_cpu_rules/tie_mask_r[3]_i_9_n_0
    SLICE_X6Y16          LUT6 (Prop_lut6_I2_O)        0.326    12.131 f  u_controller/u_cpu_rules/tie_mask_r[3]_i_5/O
                         net (fo=1, routed)           0.480    12.611    u_controller/u_cpu_rules/tie_mask_r[3]_i_5_n_0
    SLICE_X7Y16          LUT6 (Prop_lut6_I5_O)        0.124    12.735 r  u_controller/u_cpu_rules/tie_mask_r[3]_i_2/O
                         net (fo=1, routed)           0.826    13.561    u_controller/u_cpu_rules/tie_mask_r[3]_i_2_n_0
    SLICE_X8Y18          LUT5 (Prop_lut5_I0_O)        0.150    13.711 r  u_controller/u_cpu_rules/tie_mask_r[3]_i_1/O
                         net (fo=1, routed)           0.000    13.711    u_controller/u_cpu_rules/tie_mask_r[3]_i_1_n_0
    SLICE_X8Y18          FDCE                                         r  u_controller/u_cpu_rules/tie_mask_r_reg[3]/D
  -------------------------------------------------------------------    -------------------

                         (clock sys_clk_pin rise edge)
                                                     10.000    10.000 r  
    W5                                                0.000    10.000 r  clk (IN)
                         net (fo=0)                   0.000    10.000    clk
    W5                   IBUF (Prop_ibuf_I_O)         1.388    11.388 r  clk_IBUF_inst/O
                         net (fo=1, routed)           1.862    13.250    clk_IBUF
    BUFGCTRL_X0Y0        BUFG (Prop_bufg_I_O)         0.091    13.341 r  clk_IBUF_BUFG_inst/O
                         net (fo=269, routed)         1.440    14.781    u_controller/u_cpu_rules/CLK
    SLICE_X8Y18          FDCE                                         r  u_controller/u_cpu_rules/tie_mask_r_reg[3]/C
                         clock pessimism              0.260    15.041    
                         clock uncertainty           -0.035    15.006    
    SLICE_X8Y18          FDCE (Setup_fdce_C_D)        0.092    15.098    u_controller/u_cpu_rules/tie_mask_r_reg[3]
  -------------------------------------------------------------------
                         required time                         15.098    
                         arrival time                         -13.711    
  -------------------------------------------------------------------
                         slack                                  1.387    

Slack (MET) :             1.437ns  (required time - arrival time)
  Source:                 u_controller/cpu_hp_reg[2]/C
                            (rising edge-triggered cell FDCE clocked by sys_clk_pin  {rise@0.000ns fall@5.000ns period=10.000ns})
  Destination:            u_controller/u_cpu_rules/max_score_r_reg[1]/D
                            (rising edge-triggered cell FDCE clocked by sys_clk_pin  {rise@0.000ns fall@5.000ns period=10.000ns})
  Path Group:             sys_clk_pin
  Path Type:              Setup (Max at Slow Process Corner)
  Requirement:            10.000ns  (sys_clk_pin rise@10.000ns - sys_clk_pin rise@0.000ns)
  Data Path Delay:        8.361ns  (logic 1.906ns (22.797%)  route 6.455ns (77.203%))
  Logic Levels:           9  (LUT2=1 LUT4=2 LUT5=1 LUT6=5)
  Clock Path Skew:        -0.105ns (DCD - SCD + CPR)
    Destination Clock Delay (DCD):    4.780ns = ( 14.780 - 10.000 ) 
    Source Clock Delay      (SCD):    5.145ns
    Clock Pessimism Removal (CPR):    0.260ns
  Clock Uncertainty:      0.035ns  ((TSJ^2 + TIJ^2)^1/2 + DJ) / 2 + PE
    Total System Jitter     (TSJ):    0.071ns
    Total Input Jitter      (TIJ):    0.000ns
    Discrete Jitter          (DJ):    0.000ns
    Phase Error              (PE):    0.000ns

    Location             Delay type                Incr(ns)  Path(ns)    Netlist Resource(s)
  -------------------------------------------------------------------    -------------------
                         (clock sys_clk_pin rise edge)
                                                      0.000     0.000 r  
    W5                                                0.000     0.000 r  clk (IN)
                         net (fo=0)                   0.000     0.000    clk
    W5                   IBUF (Prop_ibuf_I_O)         1.458     1.458 r  clk_IBUF_inst/O
                         net (fo=1, routed)           1.967     3.425    clk_IBUF
    BUFGCTRL_X0Y0        BUFG (Prop_bufg_I_O)         0.096     3.521 r  clk_IBUF_BUFG_inst/O
                         net (fo=269, routed)         1.624     5.145    u_controller/CLK
    SLICE_X1Y21          FDCE                                         r  u_controller/cpu_hp_reg[2]/C
  -------------------------------------------------------------------    -------------------
    SLICE_X1Y21          FDCE (Prop_fdce_C_Q)         0.419     5.564 f  u_controller/cpu_hp_reg[2]/Q
                         net (fo=23, routed)          1.038     6.602    u_controller/u_cpu_rules/cpu_hp_reg[3]_0[2]
    SLICE_X3Y19          LUT4 (Prop_lut4_I2_O)        0.299     6.901 r  u_controller/u_cpu_rules/tie_mask_r[0]_i_7/O
                         net (fo=3, routed)           0.780     7.681    u_controller/u_cpu_rules/tie_mask_r[0]_i_7_n_0
    SLICE_X3Y20          LUT6 (Prop_lut6_I0_O)        0.124     7.805 r  u_controller/u_cpu_rules/score_a_r[4]_i_3/O
                         net (fo=2, routed)           0.678     8.483    u_controller/u_cpu_rules/score_a_r[4]_i_3_n_0
    SLICE_X3Y20          LUT6 (Prop_lut6_I0_O)        0.124     8.607 r  u_controller/u_cpu_rules/score_a_r[3]_i_2/O
                         net (fo=8, routed)           0.679     9.286    u_controller/u_cpu_rules/score_a_r[3]_i_2_n_0
    SLICE_X4Y18          LUT6 (Prop_lut6_I0_O)        0.124     9.410 r  u_controller/u_cpu_rules/max_score_r[2]_i_5/O
                         net (fo=3, routed)           0.504     9.914    u_controller/u_cpu_rules/max_score_r[2]_i_5_n_0
    SLICE_X5Y17          LUT6 (Prop_lut6_I2_O)        0.124    10.038 r  u_controller/u_cpu_rules/max_score_r[2]_i_4/O
                         net (fo=6, routed)           0.726    10.764    u_controller/u_cpu_rules/max_score_r[2]_i_4_n_0
    SLICE_X5Y15          LUT2 (Prop_lut2_I0_O)        0.118    10.882 r  u_controller/u_cpu_rules/tie_mask_r[3]_i_7/O
                         net (fo=1, routed)           0.583    11.465    u_controller/u_cpu_rules/tie_mask_r[3]_i_7_n_0
    SLICE_X7Y16          LUT6 (Prop_lut6_I3_O)        0.326    11.791 f  u_controller/u_cpu_rules/tie_mask_r[3]_i_4/O
                         net (fo=2, routed)           0.444    12.235    u_controller/u_cpu_rules/tie_mask_r[3]_i_4_n_0
    SLICE_X7Y16          LUT4 (Prop_lut4_I3_O)        0.124    12.359 f  u_controller/u_cpu_rules/tie_mask_r[2]_i_6/O
                         net (fo=4, routed)           0.548    12.908    u_controller/u_cpu_rules/tie_mask_r[2]_i_6_n_0
    SLICE_X9Y17          LUT5 (Prop_lut5_I4_O)        0.124    13.032 r  u_controller/u_cpu_rules/max_score_r[1]_i_1/O
                         net (fo=1, routed)           0.474    13.506    u_controller/u_cpu_rules/max_score_r[1]_i_1_n_0
    SLICE_X9Y20          FDCE                                         r  u_controller/u_cpu_rules/max_score_r_reg[1]/D
  -------------------------------------------------------------------    -------------------

                         (clock sys_clk_pin rise edge)
                                                     10.000    10.000 r  
    W5                                                0.000    10.000 r  clk (IN)
                         net (fo=0)                   0.000    10.000    clk
    W5                   IBUF (Prop_ibuf_I_O)         1.388    11.388 r  clk_IBUF_inst/O
                         net (fo=1, routed)           1.862    13.250    clk_IBUF
    BUFGCTRL_X0Y0        BUFG (Prop_bufg_I_O)         0.091    13.341 r  clk_IBUF_BUFG_inst/O
                         net (fo=269, routed)         1.439    14.780    u_controller/u_cpu_rules/CLK
    SLICE_X9Y20          FDCE                                         r  u_controller/u_cpu_rules/max_score_r_reg[1]/C
                         clock pessimism              0.260    15.040    
                         clock uncertainty           -0.035    15.005    
    SLICE_X9Y20          FDCE (Setup_fdce_C_D)       -0.062    14.943    u_controller/u_cpu_rules/max_score_r_reg[1]
  -------------------------------------------------------------------
                         required time                         14.943    
                         arrival time                         -13.506    
  -------------------------------------------------------------------
                         slack                                  1.437    

Slack (MET) :             1.483ns  (required time - arrival time)
  Source:                 u_controller/cpu_hp_reg[2]/C
                            (rising edge-triggered cell FDCE clocked by sys_clk_pin  {rise@0.000ns fall@5.000ns period=10.000ns})
  Destination:            u_controller/u_cpu_rules/max_score_r_reg[0]/D
                            (rising edge-triggered cell FDCE clocked by sys_clk_pin  {rise@0.000ns fall@5.000ns period=10.000ns})
  Path Group:             sys_clk_pin
  Path Type:              Setup (Max at Slow Process Corner)
  Requirement:            10.000ns  (sys_clk_pin rise@10.000ns - sys_clk_pin rise@0.000ns)
  Data Path Delay:        8.457ns  (logic 1.938ns (22.916%)  route 6.519ns (77.084%))
  Logic Levels:           9  (LUT4=2 LUT5=1 LUT6=6)
  Clock Path Skew:        -0.102ns (DCD - SCD + CPR)
    Destination Clock Delay (DCD):    4.783ns = ( 14.783 - 10.000 ) 
    Source Clock Delay      (SCD):    5.145ns
    Clock Pessimism Removal (CPR):    0.260ns
  Clock Uncertainty:      0.035ns  ((TSJ^2 + TIJ^2)^1/2 + DJ) / 2 + PE
    Total System Jitter     (TSJ):    0.071ns
    Total Input Jitter      (TIJ):    0.000ns
    Discrete Jitter          (DJ):    0.000ns
    Phase Error              (PE):    0.000ns

    Location             Delay type                Incr(ns)  Path(ns)    Netlist Resource(s)
  -------------------------------------------------------------------    -------------------
                         (clock sys_clk_pin rise edge)
                                                      0.000     0.000 r  
    W5                                                0.000     0.000 r  clk (IN)
                         net (fo=0)                   0.000     0.000    clk
    W5                   IBUF (Prop_ibuf_I_O)         1.458     1.458 r  clk_IBUF_inst/O
                         net (fo=1, routed)           1.967     3.425    clk_IBUF
    BUFGCTRL_X0Y0        BUFG (Prop_bufg_I_O)         0.096     3.521 r  clk_IBUF_BUFG_inst/O
                         net (fo=269, routed)         1.624     5.145    u_controller/CLK
    SLICE_X1Y21          FDCE                                         r  u_controller/cpu_hp_reg[2]/C
  -------------------------------------------------------------------    -------------------
    SLICE_X1Y21          FDCE (Prop_fdce_C_Q)         0.419     5.564 f  u_controller/cpu_hp_reg[2]/Q
                         net (fo=23, routed)          1.038     6.602    u_controller/u_cpu_rules/cpu_hp_reg[3]_0[2]
    SLICE_X3Y19          LUT4 (Prop_lut4_I2_O)        0.299     6.901 r  u_controller/u_cpu_rules/tie_mask_r[0]_i_7/O
                         net (fo=3, routed)           0.780     7.681    u_controller/u_cpu_rules/tie_mask_r[0]_i_7_n_0
    SLICE_X3Y20          LUT6 (Prop_lut6_I0_O)        0.124     7.805 r  u_controller/u_cpu_rules/score_a_r[4]_i_3/O
                         net (fo=2, routed)           0.678     8.483    u_controller/u_cpu_rules/score_a_r[4]_i_3_n_0
    SLICE_X3Y20          LUT6 (Prop_lut6_I0_O)        0.124     8.607 r  u_controller/u_cpu_rules/score_a_r[3]_i_2/O
                         net (fo=8, routed)           0.679     9.286    u_controller/u_cpu_rules/score_a_r[3]_i_2_n_0
    SLICE_X4Y18          LUT6 (Prop_lut6_I0_O)        0.124     9.410 r  u_controller/u_cpu_rules/max_score_r[2]_i_5/O
                         net (fo=3, routed)           0.504     9.914    u_controller/u_cpu_rules/max_score_r[2]_i_5_n_0
    SLICE_X5Y17          LUT6 (Prop_lut6_I2_O)        0.124    10.038 f  u_controller/u_cpu_rules/max_score_r[2]_i_4/O
                         net (fo=6, routed)           0.808    10.846    u_controller/u_cpu_rules/max_score_r[2]_i_4_n_0
    SLICE_X5Y16          LUT4 (Prop_lut4_I0_O)        0.150    10.996 r  u_controller/u_cpu_rules/tie_mask_r[3]_i_9/O
                         net (fo=4, routed)           0.823    11.819    u_controller/u_cpu_rules/tie_mask_r[3]_i_9_n_0
    SLICE_X6Y16          LUT6 (Prop_lut6_I2_O)        0.326    12.145 f  u_controller/u_cpu_rules/tie_mask_r[2]_i_13/O
                         net (fo=1, routed)           0.871    13.016    u_controller/u_cpu_rules/tie_mask_r[2]_i_13_n_0
    SLICE_X8Y16          LUT6 (Prop_lut6_I3_O)        0.124    13.140 f  u_controller/u_cpu_rules/tie_mask_r[2]_i_3/O
                         net (fo=4, routed)           0.339    13.478    u_controller/u_cpu_rules/tie_mask_r[2]_i_3_n_0
    SLICE_X8Y17          LUT5 (Prop_lut5_I4_O)        0.124    13.602 r  u_controller/u_cpu_rules/max_score_r[0]_i_1/O
                         net (fo=1, routed)           0.000    13.602    u_controller/u_cpu_rules/max_score_r[0]_i_1_n_0
    SLICE_X8Y17          FDCE                                         r  u_controller/u_cpu_rules/max_score_r_reg[0]/D
  -------------------------------------------------------------------    -------------------

                         (clock sys_clk_pin rise edge)
                                                     10.000    10.000 r  
    W5                                                0.000    10.000 r  clk (IN)
                         net (fo=0)                   0.000    10.000    clk
    W5                   IBUF (Prop_ibuf_I_O)         1.388    11.388 r  clk_IBUF_inst/O
                         net (fo=1, routed)           1.862    13.250    clk_IBUF
    BUFGCTRL_X0Y0        BUFG (Prop_bufg_I_O)         0.091    13.341 r  clk_IBUF_BUFG_inst/O
                         net (fo=269, routed)         1.442    14.783    u_controller/u_cpu_rules/CLK
    SLICE_X8Y17          FDCE                                         r  u_controller/u_cpu_rules/max_score_r_reg[0]/C
                         clock pessimism              0.260    15.043    
                         clock uncertainty           -0.035    15.008    
    SLICE_X8Y17          FDCE (Setup_fdce_C_D)        0.077    15.085    u_controller/u_cpu_rules/max_score_r_reg[0]
  -------------------------------------------------------------------
                         required time                         15.085    
                         arrival time                         -13.602    
  -------------------------------------------------------------------
                         slack                                  1.483    

Slack (MET) :             2.118ns  (required time - arrival time)
  Source:                 u_controller/u_cpu_rules/P1_reg[1]/C
                            (rising edge-triggered cell FDPE clocked by sys_clk_pin  {rise@0.000ns fall@5.000ns period=10.000ns})
  Destination:            u_controller/FSM_sequential_state_reg[0]/D
                            (rising edge-triggered cell FDCE clocked by sys_clk_pin  {rise@0.000ns fall@5.000ns period=10.000ns})
  Path Group:             sys_clk_pin
  Path Type:              Setup (Max at Slow Process Corner)
  Requirement:            10.000ns  (sys_clk_pin rise@10.000ns - sys_clk_pin rise@0.000ns)
  Data Path Delay:        7.771ns  (logic 2.357ns (30.331%)  route 5.414ns (69.669%))
  Logic Levels:           8  (LUT2=1 LUT3=1 LUT4=1 LUT5=2 LUT6=3)
  Clock Path Skew:        -0.107ns (DCD - SCD + CPR)
    Destination Clock Delay (DCD):    4.779ns = ( 14.779 - 10.000 ) 
    Source Clock Delay      (SCD):    5.146ns
    Clock Pessimism Removal (CPR):    0.260ns
  Clock Uncertainty:      0.035ns  ((TSJ^2 + TIJ^2)^1/2 + DJ) / 2 + PE
    Total System Jitter     (TSJ):    0.071ns
    Total Input Jitter      (TIJ):    0.000ns
    Discrete Jitter          (DJ):    0.000ns
    Phase Error              (PE):    0.000ns

    Location             Delay type                Incr(ns)  Path(ns)    Netlist Resource(s)
  -------------------------------------------------------------------    -------------------
                         (clock sys_clk_pin rise edge)
                                                      0.000     0.000 r  
    W5                                                0.000     0.000 r  clk (IN)
                         net (fo=0)                   0.000     0.000    clk
    W5                   IBUF (Prop_ibuf_I_O)         1.458     1.458 r  clk_IBUF_inst/O
                         net (fo=1, routed)           1.967     3.425    clk_IBUF
    BUFGCTRL_X0Y0        BUFG (Prop_bufg_I_O)         0.096     3.521 r  clk_IBUF_BUFG_inst/O
                         net (fo=269, routed)         1.625     5.146    u_controller/u_cpu_rules/CLK
    SLICE_X2Y20          FDPE                                         r  u_controller/u_cpu_rules/P1_reg[1]/C
  -------------------------------------------------------------------    -------------------
    SLICE_X2Y20          FDPE (Prop_fdpe_C_Q)         0.478     5.624 r  u_controller/u_cpu_rules/P1_reg[1]/Q
                         net (fo=22, routed)          1.001     6.626    u_controller/u_cpu_rules/P1[1]
    SLICE_X2Y19          LUT4 (Prop_lut4_I0_O)        0.323     6.949 f  u_controller/u_cpu_rules/tie_mask_r[2]_i_9/O
                         net (fo=11, routed)          0.442     7.391    u_controller/u_cpu_rules/tie_mask_r[2]_i_9_n_0
    SLICE_X3Y21          LUT6 (Prop_lut6_I5_O)        0.348     7.739 r  u_controller/u_cpu_rules/player_hp_prev1[2]_i_7/O
                         net (fo=1, routed)           0.263     8.002    u_controller/u_cpu_rules/u_history_valid_counter/u_hist_ctr/player_hp_prev1[2]_i_4_0
    SLICE_X3Y21          LUT3 (Prop_lut3_I2_O)        0.124     8.126 f  u_controller/u_cpu_rules/u_history_valid_counter/u_hist_ctr/player_hp_prev1[2]_i_6/O
                         net (fo=2, routed)           0.727     8.853    u_controller/u_cpu_rules/u_history_valid_counter/u_hist_ctr/player_hp_prev1[2]_i_6_n_0
    SLICE_X5Y20          LUT5 (Prop_lut5_I4_O)        0.150     9.003 r  u_controller/u_cpu_rules/u_history_valid_counter/u_hist_ctr/player_hp_prev1[2]_i_4/O
                         net (fo=12, routed)          0.826     9.828    u_controller/u_cpu_rules/u_history_valid_counter/u_hist_ctr/player_hp_prev1[2]_i_4_n_0
    SLICE_X6Y21          LUT6 (Prop_lut6_I4_O)        0.332    10.160 f  u_controller/u_cpu_rules/u_history_valid_counter/u_hist_ctr/winner_i_5/O
                         net (fo=2, routed)           0.680    10.840    u_controller/u_cpu_rules/u_history_valid_counter/u_hist_ctr/winner_i_5_n_0
    SLICE_X6Y21          LUT5 (Prop_lut5_I1_O)        0.150    10.990 f  u_controller/u_cpu_rules/u_history_valid_counter/u_hist_ctr/winner_i_2/O
                         net (fo=2, routed)           0.793    11.783    u_controller/u_cpu_rules/u_history_valid_counter/u_hist_ctr/winner_i_2_n_0
    SLICE_X5Y21          LUT2 (Prop_lut2_I0_O)        0.328    12.111 f  u_controller/u_cpu_rules/u_history_valid_counter/u_hist_ctr/FSM_sequential_state[2]_i_2/O
                         net (fo=4, routed)           0.682    12.793    u_controller/u_cpu_rules/u_history_valid_counter/u_hist_ctr/FSM_sequential_state[2]_i_2_n_0
    SLICE_X9Y21          LUT6 (Prop_lut6_I0_O)        0.124    12.917 r  u_controller/u_cpu_rules/u_history_valid_counter/u_hist_ctr/FSM_sequential_state[0]_i_1/O
                         net (fo=1, routed)           0.000    12.917    u_controller/u_cpu_rules_n_21
    SLICE_X9Y21          FDCE                                         r  u_controller/FSM_sequential_state_reg[0]/D
  -------------------------------------------------------------------    -------------------

                         (clock sys_clk_pin rise edge)
                                                     10.000    10.000 r  
    W5                                                0.000    10.000 r  clk (IN)
                         net (fo=0)                   0.000    10.000    clk
    W5                   IBUF (Prop_ibuf_I_O)         1.388    11.388 r  clk_IBUF_inst/O
                         net (fo=1, routed)           1.862    13.250    clk_IBUF
    BUFGCTRL_X0Y0        BUFG (Prop_bufg_I_O)         0.091    13.341 r  clk_IBUF_BUFG_inst/O
                         net (fo=269, routed)         1.438    14.779    u_controller/CLK
    SLICE_X9Y21          FDCE                                         r  u_controller/FSM_sequential_state_reg[0]/C
                         clock pessimism              0.260    15.039    
                         clock uncertainty           -0.035    15.004    
    SLICE_X9Y21          FDCE (Setup_fdce_C_D)        0.031    15.035    u_controller/FSM_sequential_state_reg[0]
  -------------------------------------------------------------------
                         required time                         15.035    
                         arrival time                         -12.917    
  -------------------------------------------------------------------
                         slack                                  2.118    

Slack (MET) :             2.264ns  (required time - arrival time)
  Source:                 u_controller/u_cpu_rules/P1_reg[1]/C
                            (rising edge-triggered cell FDPE clocked by sys_clk_pin  {rise@0.000ns fall@5.000ns period=10.000ns})
  Destination:            u_controller/FSM_sequential_state_reg[2]/D
                            (rising edge-triggered cell FDCE clocked by sys_clk_pin  {rise@0.000ns fall@5.000ns period=10.000ns})
  Path Group:             sys_clk_pin
  Path Type:              Setup (Max at Slow Process Corner)
  Requirement:            10.000ns  (sys_clk_pin rise@10.000ns - sys_clk_pin rise@0.000ns)
  Data Path Delay:        7.625ns  (logic 2.357ns (30.911%)  route 5.268ns (69.089%))
  Logic Levels:           8  (LUT2=1 LUT3=1 LUT4=1 LUT5=2 LUT6=3)
  Clock Path Skew:        -0.107ns (DCD - SCD + CPR)
    Destination Clock Delay (DCD):    4.779ns = ( 14.779 - 10.000 ) 
    Source Clock Delay      (SCD):    5.146ns
    Clock Pessimism Removal (CPR):    0.260ns
  Clock Uncertainty:      0.035ns  ((TSJ^2 + TIJ^2)^1/2 + DJ) / 2 + PE
    Total System Jitter     (TSJ):    0.071ns
    Total Input Jitter      (TIJ):    0.000ns
    Discrete Jitter          (DJ):    0.000ns
    Phase Error              (PE):    0.000ns

    Location             Delay type                Incr(ns)  Path(ns)    Netlist Resource(s)
  -------------------------------------------------------------------    -------------------
                         (clock sys_clk_pin rise edge)
                                                      0.000     0.000 r  
    W5                                                0.000     0.000 r  clk (IN)
                         net (fo=0)                   0.000     0.000    clk
    W5                   IBUF (Prop_ibuf_I_O)         1.458     1.458 r  clk_IBUF_inst/O
                         net (fo=1, routed)           1.967     3.425    clk_IBUF
    BUFGCTRL_X0Y0        BUFG (Prop_bufg_I_O)         0.096     3.521 r  clk_IBUF_BUFG_inst/O
                         net (fo=269, routed)         1.625     5.146    u_controller/u_cpu_rules/CLK
    SLICE_X2Y20          FDPE                                         r  u_controller/u_cpu_rules/P1_reg[1]/C
  -------------------------------------------------------------------    -------------------
    SLICE_X2Y20          FDPE (Prop_fdpe_C_Q)         0.478     5.624 r  u_controller/u_cpu_rules/P1_reg[1]/Q
                         net (fo=22, routed)          1.001     6.626    u_controller/u_cpu_rules/P1[1]
    SLICE_X2Y19          LUT4 (Prop_lut4_I0_O)        0.323     6.949 f  u_controller/u_cpu_rules/tie_mask_r[2]_i_9/O
                         net (fo=11, routed)          0.442     7.391    u_controller/u_cpu_rules/tie_mask_r[2]_i_9_n_0
    SLICE_X3Y21          LUT6 (Prop_lut6_I5_O)        0.348     7.739 r  u_controller/u_cpu_rules/player_hp_prev1[2]_i_7/O
                         net (fo=1, routed)           0.263     8.002    u_controller/u_cpu_rules/u_history_valid_counter/u_hist_ctr/player_hp_prev1[2]_i_4_0
    SLICE_X3Y21          LUT3 (Prop_lut3_I2_O)        0.124     8.126 f  u_controller/u_cpu_rules/u_history_valid_counter/u_hist_ctr/player_hp_prev1[2]_i_6/O
                         net (fo=2, routed)           0.727     8.853    u_controller/u_cpu_rules/u_history_valid_counter/u_hist_ctr/player_hp_prev1[2]_i_6_n_0
    SLICE_X5Y20          LUT5 (Prop_lut5_I4_O)        0.150     9.003 r  u_controller/u_cpu_rules/u_history_valid_counter/u_hist_ctr/player_hp_prev1[2]_i_4/O
                         net (fo=12, routed)          0.826     9.828    u_controller/u_cpu_rules/u_history_valid_counter/u_hist_ctr/player_hp_prev1[2]_i_4_n_0
    SLICE_X6Y21          LUT6 (Prop_lut6_I4_O)        0.332    10.160 f  u_controller/u_cpu_rules/u_history_valid_counter/u_hist_ctr/winner_i_5/O
                         net (fo=2, routed)           0.680    10.840    u_controller/u_cpu_rules/u_history_valid_counter/u_hist_ctr/winner_i_5_n_0
    SLICE_X6Y21          LUT5 (Prop_lut5_I1_O)        0.150    10.990 f  u_controller/u_cpu_rules/u_history_valid_counter/u_hist_ctr/winner_i_2/O
                         net (fo=2, routed)           0.793    11.783    u_controller/u_cpu_rules/u_history_valid_counter/u_hist_ctr/winner_i_2_n_0
    SLICE_X5Y21          LUT2 (Prop_lut2_I0_O)        0.328    12.111 f  u_controller/u_cpu_rules/u_history_valid_counter/u_hist_ctr/FSM_sequential_state[2]_i_2/O
                         net (fo=4, routed)           0.536    12.647    u_controller/u_cpu_rules/u_history_valid_counter/u_hist_ctr/FSM_sequential_state[2]_i_2_n_0
    SLICE_X9Y21          LUT6 (Prop_lut6_I0_O)        0.124    12.771 r  u_controller/u_cpu_rules/u_history_valid_counter/u_hist_ctr/FSM_sequential_state[2]_i_1/O
                         net (fo=1, routed)           0.000    12.771    u_controller/u_cpu_rules_n_20
    SLICE_X9Y21          FDCE                                         r  u_controller/FSM_sequential_state_reg[2]/D
  -------------------------------------------------------------------    -------------------

                         (clock sys_clk_pin rise edge)
                                                     10.000    10.000 r  
    W5                                                0.000    10.000 r  clk (IN)
                         net (fo=0)                   0.000    10.000    clk
    W5                   IBUF (Prop_ibuf_I_O)         1.388    11.388 r  clk_IBUF_inst/O
                         net (fo=1, routed)           1.862    13.250    clk_IBUF
    BUFGCTRL_X0Y0        BUFG (Prop_bufg_I_O)         0.091    13.341 r  clk_IBUF_BUFG_inst/O
                         net (fo=269, routed)         1.438    14.779    u_controller/CLK
    SLICE_X9Y21          FDCE                                         r  u_controller/FSM_sequential_state_reg[2]/C
                         clock pessimism              0.260    15.039    
                         clock uncertainty           -0.035    15.004    
    SLICE_X9Y21          FDCE (Setup_fdce_C_D)        0.031    15.035    u_controller/FSM_sequential_state_reg[2]
  -------------------------------------------------------------------
                         required time                         15.035    
                         arrival time                         -12.771    
  -------------------------------------------------------------------
                         slack                                  2.264    

Slack (MET) :             2.364ns  (required time - arrival time)
  Source:                 u_controller/u_cpu_rules/P1_reg[1]/C
                            (rising edge-triggered cell FDPE clocked by sys_clk_pin  {rise@0.000ns fall@5.000ns period=10.000ns})
  Destination:            u_controller/player_hp_reg[0]/D
                            (rising edge-triggered cell FDPE clocked by sys_clk_pin  {rise@0.000ns fall@5.000ns period=10.000ns})
  Path Group:             sys_clk_pin
  Path Type:              Setup (Max at Slow Process Corner)
  Requirement:            10.000ns  (sys_clk_pin rise@10.000ns - sys_clk_pin rise@0.000ns)
  Data Path Delay:        7.295ns  (logic 2.153ns (29.513%)  route 5.142ns (70.487%))
  Logic Levels:           8  (LUT2=1 LUT3=2 LUT4=1 LUT5=1 LUT6=3)
  Clock Path Skew:        -0.040ns (DCD - SCD + CPR)
    Destination Clock Delay (DCD):    4.846ns = ( 14.846 - 10.000 ) 
    Source Clock Delay      (SCD):    5.146ns
    Clock Pessimism Removal (CPR):    0.260ns
  Clock Uncertainty:      0.035ns  ((TSJ^2 + TIJ^2)^1/2 + DJ) / 2 + PE
    Total System Jitter     (TSJ):    0.071ns
    Total Input Jitter      (TIJ):    0.000ns
    Discrete Jitter          (DJ):    0.000ns
    Phase Error              (PE):    0.000ns

    Location             Delay type                Incr(ns)  Path(ns)    Netlist Resource(s)
  -------------------------------------------------------------------    -------------------
                         (clock sys_clk_pin rise edge)
                                                      0.000     0.000 r  
    W5                                                0.000     0.000 r  clk (IN)
                         net (fo=0)                   0.000     0.000    clk
    W5                   IBUF (Prop_ibuf_I_O)         1.458     1.458 r  clk_IBUF_inst/O
                         net (fo=1, routed)           1.967     3.425    clk_IBUF
    BUFGCTRL_X0Y0        BUFG (Prop_bufg_I_O)         0.096     3.521 r  clk_IBUF_BUFG_inst/O
                         net (fo=269, routed)         1.625     5.146    u_controller/u_cpu_rules/CLK
    SLICE_X2Y20          FDPE                                         r  u_controller/u_cpu_rules/P1_reg[1]/C
  -------------------------------------------------------------------    -------------------
    SLICE_X2Y20          FDPE (Prop_fdpe_C_Q)         0.478     5.624 r  u_controller/u_cpu_rules/P1_reg[1]/Q
                         net (fo=22, routed)          1.001     6.626    u_controller/u_cpu_rules/P1[1]
    SLICE_X2Y19          LUT4 (Prop_lut4_I0_O)        0.323     6.949 f  u_controller/u_cpu_rules/tie_mask_r[2]_i_9/O
                         net (fo=11, routed)          0.442     7.391    u_controller/u_cpu_rules/tie_mask_r[2]_i_9_n_0
    SLICE_X3Y21          LUT6 (Prop_lut6_I5_O)        0.348     7.739 r  u_controller/u_cpu_rules/player_hp_prev1[2]_i_7/O
                         net (fo=1, routed)           0.263     8.002    u_controller/u_cpu_rules/u_history_valid_counter/u_hist_ctr/player_hp_prev1[2]_i_4_0
    SLICE_X3Y21          LUT3 (Prop_lut3_I2_O)        0.124     8.126 f  u_controller/u_cpu_rules/u_history_valid_counter/u_hist_ctr/player_hp_prev1[2]_i_6/O
                         net (fo=2, routed)           0.727     8.853    u_controller/u_cpu_rules/u_history_valid_counter/u_hist_ctr/player_hp_prev1[2]_i_6_n_0
    SLICE_X5Y20          LUT5 (Prop_lut5_I4_O)        0.150     9.003 r  u_controller/u_cpu_rules/u_history_valid_counter/u_hist_ctr/player_hp_prev1[2]_i_4/O
                         net (fo=12, routed)          0.826     9.828    u_controller/u_cpu_rules/u_history_valid_counter/u_hist_ctr/player_hp_prev1[2]_i_4_n_0
    SLICE_X6Y21          LUT6 (Prop_lut6_I4_O)        0.332    10.160 r  u_controller/u_cpu_rules/u_history_valid_counter/u_hist_ctr/winner_i_5/O
                         net (fo=2, routed)           0.680    10.840    u_controller/u_cpu_rules/u_history_valid_counter/u_hist_ctr/winner_i_5_n_0
    SLICE_X6Y21          LUT3 (Prop_lut3_I0_O)        0.124    10.964 r  u_controller/u_cpu_rules/u_history_valid_counter/u_hist_ctr/player_hp_prev1[0]_i_3/O
                         net (fo=1, routed)           0.423    11.387    u_controller/u_cpu_rules/u_history_valid_counter/u_hist_ctr/player_hp_prev1[0]_i_3_n_0
    SLICE_X4Y21          LUT6 (Prop_lut6_I0_O)        0.124    11.511 r  u_controller/u_cpu_rules/u_history_valid_counter/u_hist_ctr/player_hp_prev1[0]_i_2/O
                         net (fo=2, routed)           0.584    12.095    u_controller/u_cpu_rules/u_history_valid_counter/u_hist_ctr/player_hp_prev1[0]_i_2_n_0
    SLICE_X5Y21          LUT2 (Prop_lut2_I0_O)        0.150    12.245 r  u_controller/u_cpu_rules/u_history_valid_counter/u_hist_ctr/player_hp[0]_i_1/O
                         net (fo=1, routed)           0.196    12.441    u_controller/u_cpu_rules_n_13
    SLICE_X4Y21          FDPE                                         r  u_controller/player_hp_reg[0]/D
  -------------------------------------------------------------------    -------------------

                         (clock sys_clk_pin rise edge)
                                                     10.000    10.000 r  
    W5                                                0.000    10.000 r  clk (IN)
                         net (fo=0)                   0.000    10.000    clk
    W5                   IBUF (Prop_ibuf_I_O)         1.388    11.388 r  clk_IBUF_inst/O
                         net (fo=1, routed)           1.862    13.250    clk_IBUF
    BUFGCTRL_X0Y0        BUFG (Prop_bufg_I_O)         0.091    13.341 r  clk_IBUF_BUFG_inst/O
                         net (fo=269, routed)         1.505    14.846    u_controller/CLK
    SLICE_X4Y21          FDPE                                         r  u_controller/player_hp_reg[0]/C
                         clock pessimism              0.260    15.106    
                         clock uncertainty           -0.035    15.071    
    SLICE_X4Y21          FDPE (Setup_fdpe_C_D)       -0.266    14.805    u_controller/player_hp_reg[0]
  -------------------------------------------------------------------
                         required time                         14.805    
                         arrival time                         -12.441    
  -------------------------------------------------------------------
                         slack                                  2.364    

Slack (MET) :             2.432ns  (required time - arrival time)
  Source:                 u_controller/u_cpu_rules/P1_reg[1]/C
                            (rising edge-triggered cell FDPE clocked by sys_clk_pin  {rise@0.000ns fall@5.000ns period=10.000ns})
  Destination:            u_controller/running_reg/D
                            (rising edge-triggered cell FDCE clocked by sys_clk_pin  {rise@0.000ns fall@5.000ns period=10.000ns})
  Path Group:             sys_clk_pin
  Path Type:              Setup (Max at Slow Process Corner)
  Requirement:            10.000ns  (sys_clk_pin rise@10.000ns - sys_clk_pin rise@0.000ns)
  Data Path Delay:        7.524ns  (logic 2.357ns (31.328%)  route 5.167ns (68.672%))
  Logic Levels:           8  (LUT2=1 LUT3=1 LUT4=1 LUT5=2 LUT6=3)
  Clock Path Skew:        -0.040ns (DCD - SCD + CPR)
    Destination Clock Delay (DCD):    4.846ns = ( 14.846 - 10.000 ) 
    Source Clock Delay      (SCD):    5.146ns
    Clock Pessimism Removal (CPR):    0.260ns
  Clock Uncertainty:      0.035ns  ((TSJ^2 + TIJ^2)^1/2 + DJ) / 2 + PE
    Total System Jitter     (TSJ):    0.071ns
    Total Input Jitter      (TIJ):    0.000ns
    Discrete Jitter          (DJ):    0.000ns
    Phase Error              (PE):    0.000ns

    Location             Delay type                Incr(ns)  Path(ns)    Netlist Resource(s)
  -------------------------------------------------------------------    -------------------
                         (clock sys_clk_pin rise edge)
                                                      0.000     0.000 r  
    W5                                                0.000     0.000 r  clk (IN)
                         net (fo=0)                   0.000     0.000    clk
    W5                   IBUF (Prop_ibuf_I_O)         1.458     1.458 r  clk_IBUF_inst/O
                         net (fo=1, routed)           1.967     3.425    clk_IBUF
    BUFGCTRL_X0Y0        BUFG (Prop_bufg_I_O)         0.096     3.521 r  clk_IBUF_BUFG_inst/O
                         net (fo=269, routed)         1.625     5.146    u_controller/u_cpu_rules/CLK
    SLICE_X2Y20          FDPE                                         r  u_controller/u_cpu_rules/P1_reg[1]/C
  -------------------------------------------------------------------    -------------------
    SLICE_X2Y20          FDPE (Prop_fdpe_C_Q)         0.478     5.624 r  u_controller/u_cpu_rules/P1_reg[1]/Q
                         net (fo=22, routed)          1.001     6.626    u_controller/u_cpu_rules/P1[1]
    SLICE_X2Y19          LUT4 (Prop_lut4_I0_O)        0.323     6.949 f  u_controller/u_cpu_rules/tie_mask_r[2]_i_9/O
                         net (fo=11, routed)          0.442     7.391    u_controller/u_cpu_rules/tie_mask_r[2]_i_9_n_0
    SLICE_X3Y21          LUT6 (Prop_lut6_I5_O)        0.348     7.739 r  u_controller/u_cpu_rules/player_hp_prev1[2]_i_7/O
                         net (fo=1, routed)           0.263     8.002    u_controller/u_cpu_rules/u_history_valid_counter/u_hist_ctr/player_hp_prev1[2]_i_4_0
    SLICE_X3Y21          LUT3 (Prop_lut3_I2_O)        0.124     8.126 f  u_controller/u_cpu_rules/u_history_valid_counter/u_hist_ctr/player_hp_prev1[2]_i_6/O
                         net (fo=2, routed)           0.727     8.853    u_controller/u_cpu_rules/u_history_valid_counter/u_hist_ctr/player_hp_prev1[2]_i_6_n_0
    SLICE_X5Y20          LUT5 (Prop_lut5_I4_O)        0.150     9.003 r  u_controller/u_cpu_rules/u_history_valid_counter/u_hist_ctr/player_hp_prev1[2]_i_4/O
                         net (fo=12, routed)          0.826     9.828    u_controller/u_cpu_rules/u_history_valid_counter/u_hist_ctr/player_hp_prev1[2]_i_4_n_0
    SLICE_X6Y21          LUT6 (Prop_lut6_I4_O)        0.332    10.160 r  u_controller/u_cpu_rules/u_history_valid_counter/u_hist_ctr/winner_i_5/O
                         net (fo=2, routed)           0.680    10.840    u_controller/u_cpu_rules/u_history_valid_counter/u_hist_ctr/winner_i_5_n_0
    SLICE_X6Y21          LUT5 (Prop_lut5_I1_O)        0.150    10.990 r  u_controller/u_cpu_rules/u_history_valid_counter/u_hist_ctr/winner_i_2/O
                         net (fo=2, routed)           0.793    11.783    u_controller/u_cpu_rules/u_history_valid_counter/u_hist_ctr/winner_i_2_n_0
    SLICE_X5Y21          LUT2 (Prop_lut2_I0_O)        0.328    12.111 r  u_controller/u_cpu_rules/u_history_valid_counter/u_hist_ctr/FSM_sequential_state[2]_i_2/O
                         net (fo=4, routed)           0.435    12.546    u_controller/u_cpu_rules/u_history_valid_counter/u_hist_ctr/FSM_sequential_state[2]_i_2_n_0
    SLICE_X5Y21          LUT6 (Prop_lut6_I3_O)        0.124    12.670 r  u_controller/u_cpu_rules/u_history_valid_counter/u_hist_ctr/running_i_1/O
                         net (fo=1, routed)           0.000    12.670    u_controller/u_cpu_rules_n_7
    SLICE_X5Y21          FDCE                                         r  u_controller/running_reg/D
  -------------------------------------------------------------------    -------------------

                         (clock sys_clk_pin rise edge)
                                                     10.000    10.000 r  
    W5                                                0.000    10.000 r  clk (IN)
                         net (fo=0)                   0.000    10.000    clk
    W5                   IBUF (Prop_ibuf_I_O)         1.388    11.388 r  clk_IBUF_inst/O
                         net (fo=1, routed)           1.862    13.250    clk_IBUF
    BUFGCTRL_X0Y0        BUFG (Prop_bufg_I_O)         0.091    13.341 r  clk_IBUF_BUFG_inst/O
                         net (fo=269, routed)         1.505    14.846    u_controller/CLK
    SLICE_X5Y21          FDCE                                         r  u_controller/running_reg/C
                         clock pessimism              0.260    15.106    
                         clock uncertainty           -0.035    15.071    
    SLICE_X5Y21          FDCE (Setup_fdce_C_D)        0.031    15.102    u_controller/running_reg
  -------------------------------------------------------------------
                         required time                         15.102    
                         arrival time                         -12.670    
  -------------------------------------------------------------------
                         slack                                  2.432    





Min Delay Paths
--------------------------------------------------------------------------------------
Slack (MET) :             0.176ns  (arrival time - required time)
  Source:                 u_db_l/cnt_reg[10]/C
                            (rising edge-triggered cell FDCE clocked by sys_clk_pin  {rise@0.000ns fall@5.000ns period=10.000ns})
  Destination:            u_db_l/cnt_reg[12]/D
                            (rising edge-triggered cell FDCE clocked by sys_clk_pin  {rise@0.000ns fall@5.000ns period=10.000ns})
  Path Group:             sys_clk_pin
  Path Type:              Hold (Min at Fast Process Corner)
  Requirement:            0.000ns  (sys_clk_pin rise@0.000ns - sys_clk_pin rise@0.000ns)
  Data Path Delay:        0.310ns  (logic 0.186ns (59.959%)  route 0.124ns (40.041%))
  Logic Levels:           1  (LUT6=1)
  Clock Path Skew:        0.013ns (DCD - SCD - CPR)
    Destination Clock Delay (DCD):    1.956ns
    Source Clock Delay      (SCD):    1.444ns
    Clock Pessimism Removal (CPR):    0.499ns

    Location             Delay type                Incr(ns)  Path(ns)    Netlist Resource(s)
  -------------------------------------------------------------------    -------------------
                         (clock sys_clk_pin rise edge)
                                                      0.000     0.000 r  
    W5                                                0.000     0.000 r  clk (IN)
                         net (fo=0)                   0.000     0.000    clk
    W5                   IBUF (Prop_ibuf_I_O)         0.226     0.226 r  clk_IBUF_inst/O
                         net (fo=1, routed)           0.631     0.858    clk_IBUF
    BUFGCTRL_X0Y0        BUFG (Prop_bufg_I_O)         0.026     0.884 r  clk_IBUF_BUFG_inst/O
                         net (fo=269, routed)         0.561     1.444    u_db_l/CLK
    SLICE_X13Y16         FDCE                                         r  u_db_l/cnt_reg[10]/C
  -------------------------------------------------------------------    -------------------
    SLICE_X13Y16         FDCE (Prop_fdce_C_Q)         0.141     1.585 r  u_db_l/cnt_reg[10]/Q
                         net (fo=6, routed)           0.124     1.709    u_db_l/cnt[10]
    SLICE_X12Y16         LUT6 (Prop_lut6_I2_O)        0.045     1.754 r  u_db_l/cnt[12]_i_1__1/O
                         net (fo=1, routed)           0.000     1.754    u_db_l/p_0_in[12]
    SLICE_X12Y16         FDCE                                         r  u_db_l/cnt_reg[12]/D
  -------------------------------------------------------------------    -------------------

                         (clock sys_clk_pin rise edge)
                                                      0.000     0.000 r  
    W5                                                0.000     0.000 r  clk (IN)
                         net (fo=0)                   0.000     0.000    clk
    W5                   IBUF (Prop_ibuf_I_O)         0.414     0.414 r  clk_IBUF_inst/O
                         net (fo=1, routed)           0.685     1.099    clk_IBUF
    BUFGCTRL_X0Y0        BUFG (Prop_bufg_I_O)         0.029     1.128 r  clk_IBUF_BUFG_inst/O
                         net (fo=269, routed)         0.829     1.956    u_db_l/CLK
    SLICE_X12Y16         FDCE                                         r  u_db_l/cnt_reg[12]/C
                         clock pessimism             -0.499     1.457    
    SLICE_X12Y16         FDCE (Hold_fdce_C_D)         0.121     1.578    u_db_l/cnt_reg[12]
  -------------------------------------------------------------------
                         required time                         -1.578    
                         arrival time                           1.754    
  -------------------------------------------------------------------
                         slack                                  0.176    

Slack (MET) :             0.196ns  (arrival time - required time)
  Source:                 u_db_l/cnt_reg[14]/C
                            (rising edge-triggered cell FDCE clocked by sys_clk_pin  {rise@0.000ns fall@5.000ns period=10.000ns})
  Destination:            u_db_l/cnt_reg[15]/D
                            (rising edge-triggered cell FDCE clocked by sys_clk_pin  {rise@0.000ns fall@5.000ns period=10.000ns})
  Path Group:             sys_clk_pin
  Path Type:              Hold (Min at Fast Process Corner)
  Requirement:            0.000ns  (sys_clk_pin rise@0.000ns - sys_clk_pin rise@0.000ns)
  Data Path Delay:        0.317ns  (logic 0.246ns (77.542%)  route 0.071ns (22.458%))
  Logic Levels:           1  (LUT6=1)
  Clock Path Skew:        0.000ns (DCD - SCD - CPR)
    Destination Clock Delay (DCD):    1.957ns
    Source Clock Delay      (SCD):    1.445ns
    Clock Pessimism Removal (CPR):    0.512ns

    Location             Delay type                Incr(ns)  Path(ns)    Netlist Resource(s)
  -------------------------------------------------------------------    -------------------
                         (clock sys_clk_pin rise edge)
                                                      0.000     0.000 r  
    W5                                                0.000     0.000 r  clk (IN)
                         net (fo=0)                   0.000     0.000    clk
    W5                   IBUF (Prop_ibuf_I_O)         0.226     0.226 r  clk_IBUF_inst/O
                         net (fo=1, routed)           0.631     0.858    clk_IBUF
    BUFGCTRL_X0Y0        BUFG (Prop_bufg_I_O)         0.026     0.884 r  clk_IBUF_BUFG_inst/O
                         net (fo=269, routed)         0.562     1.445    u_db_l/CLK
    SLICE_X12Y15         FDCE                                         r  u_db_l/cnt_reg[14]/C
  -------------------------------------------------------------------    -------------------
    SLICE_X12Y15         FDCE (Prop_fdce_C_Q)         0.148     1.593 r  u_db_l/cnt_reg[14]/Q
                         net (fo=4, routed)           0.071     1.664    u_db_l/cnt[14]
    SLICE_X12Y15         LUT6 (Prop_lut6_I1_O)        0.098     1.762 r  u_db_l/cnt[15]_i_1__1/O
                         net (fo=1, routed)           0.000     1.762    u_db_l/p_0_in[15]
    SLICE_X12Y15         FDCE                                         r  u_db_l/cnt_reg[15]/D
  -------------------------------------------------------------------    -------------------

                         (clock sys_clk_pin rise edge)
                                                      0.000     0.000 r  
    W5                                                0.000     0.000 r  clk (IN)
                         net (fo=0)                   0.000     0.000    clk
    W5                   IBUF (Prop_ibuf_I_O)         0.414     0.414 r  clk_IBUF_inst/O
                         net (fo=1, routed)           0.685     1.099    clk_IBUF
    BUFGCTRL_X0Y0        BUFG (Prop_bufg_I_O)         0.029     1.128 r  clk_IBUF_BUFG_inst/O
                         net (fo=269, routed)         0.830     1.957    u_db_l/CLK
    SLICE_X12Y15         FDCE                                         r  u_db_l/cnt_reg[15]/C
                         clock pessimism             -0.512     1.445    
    SLICE_X12Y15         FDCE (Hold_fdce_C_D)         0.121     1.566    u_db_l/cnt_reg[15]
  -------------------------------------------------------------------
                         required time                         -1.566    
                         arrival time                           1.762    
  -------------------------------------------------------------------
                         slack                                  0.196    

Slack (MET) :             0.204ns  (arrival time - required time)
  Source:                 u_scan/divcnt_reg[16]/C
                            (rising edge-triggered cell FDCE clocked by sys_clk_pin  {rise@0.000ns fall@5.000ns period=10.000ns})
  Destination:            u_scan/divcnt_reg[17]/D
                            (rising edge-triggered cell FDCE clocked by sys_clk_pin  {rise@0.000ns fall@5.000ns period=10.000ns})
  Path Group:             sys_clk_pin
  Path Type:              Hold (Min at Fast Process Corner)
  Requirement:            0.000ns  (sys_clk_pin rise@0.000ns - sys_clk_pin rise@0.000ns)
  Data Path Delay:        0.296ns  (logic 0.227ns (76.649%)  route 0.069ns (23.351%))
  Logic Levels:           1  (LUT6=1)
  Clock Path Skew:        0.000ns (DCD - SCD - CPR)
    Destination Clock Delay (DCD):    1.953ns
    Source Clock Delay      (SCD):    1.441ns
    Clock Pessimism Removal (CPR):    0.512ns

    Location             Delay type                Incr(ns)  Path(ns)    Netlist Resource(s)
  -------------------------------------------------------------------    -------------------
                         (clock sys_clk_pin rise edge)
                                                      0.000     0.000 r  
    W5                                                0.000     0.000 r  clk (IN)
                         net (fo=0)                   0.000     0.000    clk
    W5                   IBUF (Prop_ibuf_I_O)         0.226     0.226 r  clk_IBUF_inst/O
                         net (fo=1, routed)           0.631     0.858    clk_IBUF
    BUFGCTRL_X0Y0        BUFG (Prop_bufg_I_O)         0.026     0.884 r  clk_IBUF_BUFG_inst/O
                         net (fo=269, routed)         0.558     1.441    u_scan/CLK
    SLICE_X9Y30          FDCE                                         r  u_scan/divcnt_reg[16]/C
  -------------------------------------------------------------------    -------------------
    SLICE_X9Y30          FDCE (Prop_fdce_C_Q)         0.128     1.569 r  u_scan/divcnt_reg[16]/Q
                         net (fo=7, routed)           0.069     1.638    u_scan/divcnt[16]
    SLICE_X9Y30          LUT6 (Prop_lut6_I1_O)        0.099     1.737 r  u_scan/divcnt[17]_i_1/O
                         net (fo=1, routed)           0.000     1.737    u_scan/divcnt[17]_i_1_n_0
    SLICE_X9Y30          FDCE                                         r  u_scan/divcnt_reg[17]/D
  -------------------------------------------------------------------    -------------------

                         (clock sys_clk_pin rise edge)
                                                      0.000     0.000 r  
    W5                                                0.000     0.000 r  clk (IN)
                         net (fo=0)                   0.000     0.000    clk
    W5                   IBUF (Prop_ibuf_I_O)         0.414     0.414 r  clk_IBUF_inst/O
                         net (fo=1, routed)           0.685     1.099    clk_IBUF
    BUFGCTRL_X0Y0        BUFG (Prop_bufg_I_O)         0.029     1.128 r  clk_IBUF_BUFG_inst/O
                         net (fo=269, routed)         0.826     1.953    u_scan/CLK
    SLICE_X9Y30          FDCE                                         r  u_scan/divcnt_reg[17]/C
                         clock pessimism             -0.512     1.441    
    SLICE_X9Y30          FDCE (Hold_fdce_C_D)         0.092     1.533    u_scan/divcnt_reg[17]
  -------------------------------------------------------------------
                         required time                         -1.533    
                         arrival time                           1.737    
  -------------------------------------------------------------------
                         slack                                  0.204    

Slack (MET) :             0.208ns  (arrival time - required time)
  Source:                 u_db_c/cnt_reg[7]/C
                            (rising edge-triggered cell FDCE clocked by sys_clk_pin  {rise@0.000ns fall@5.000ns period=10.000ns})
  Destination:            u_db_c/cnt_reg[8]/D
                            (rising edge-triggered cell FDCE clocked by sys_clk_pin  {rise@0.000ns fall@5.000ns period=10.000ns})
  Path Group:             sys_clk_pin
  Path Type:              Hold (Min at Fast Process Corner)
  Requirement:            0.000ns  (sys_clk_pin rise@0.000ns - sys_clk_pin rise@0.000ns)
  Data Path Delay:        0.362ns  (logic 0.186ns (51.420%)  route 0.176ns (48.580%))
  Logic Levels:           1  (LUT6=1)
  Clock Path Skew:        0.034ns (DCD - SCD - CPR)
    Destination Clock Delay (DCD):    1.957ns
    Source Clock Delay      (SCD):    1.445ns
    Clock Pessimism Removal (CPR):    0.478ns

    Location             Delay type                Incr(ns)  Path(ns)    Netlist Resource(s)
  -------------------------------------------------------------------    -------------------
                         (clock sys_clk_pin rise edge)
                                                      0.000     0.000 r  
    W5                                                0.000     0.000 r  clk (IN)
                         net (fo=0)                   0.000     0.000    clk
    W5                   IBUF (Prop_ibuf_I_O)         0.226     0.226 r  clk_IBUF_inst/O
                         net (fo=1, routed)           0.631     0.858    clk_IBUF
    BUFGCTRL_X0Y0        BUFG (Prop_bufg_I_O)         0.026     0.884 r  clk_IBUF_BUFG_inst/O
                         net (fo=269, routed)         0.562     1.445    u_db_c/CLK
    SLICE_X9Y15          FDCE                                         r  u_db_c/cnt_reg[7]/C
  -------------------------------------------------------------------    -------------------
    SLICE_X9Y15          FDCE (Prop_fdce_C_Q)         0.141     1.586 r  u_db_c/cnt_reg[7]/Q
                         net (fo=4, routed)           0.176     1.762    u_db_c/cnt[7]
    SLICE_X10Y15         LUT6 (Prop_lut6_I3_O)        0.045     1.807 r  u_db_c/cnt[8]_i_1/O
                         net (fo=1, routed)           0.000     1.807    u_db_c/p_0_in[8]
    SLICE_X10Y15         FDCE                                         r  u_db_c/cnt_reg[8]/D
  -------------------------------------------------------------------    -------------------

                         (clock sys_clk_pin rise edge)
                                                      0.000     0.000 r  
    W5                                                0.000     0.000 r  clk (IN)
                         net (fo=0)                   0.000     0.000    clk
    W5                   IBUF (Prop_ibuf_I_O)         0.414     0.414 r  clk_IBUF_inst/O
                         net (fo=1, routed)           0.685     1.099    clk_IBUF
    BUFGCTRL_X0Y0        BUFG (Prop_bufg_I_O)         0.029     1.128 r  clk_IBUF_BUFG_inst/O
                         net (fo=269, routed)         0.830     1.957    u_db_c/CLK
    SLICE_X10Y15         FDCE                                         r  u_db_c/cnt_reg[8]/C
                         clock pessimism             -0.478     1.479    
    SLICE_X10Y15         FDCE (Hold_fdce_C_D)         0.120     1.599    u_db_c/cnt_reg[8]
  -------------------------------------------------------------------
                         required time                         -1.599    
                         arrival time                           1.807    
  -------------------------------------------------------------------
                         slack                                  0.208    

Slack (MET) :             0.210ns  (arrival time - required time)
  Source:                 u_db_u/cnt_reg[18]/C
                            (rising edge-triggered cell FDCE clocked by sys_clk_pin  {rise@0.000ns fall@5.000ns period=10.000ns})
  Destination:            u_db_u/cnt_reg[19]/D
                            (rising edge-triggered cell FDCE clocked by sys_clk_pin  {rise@0.000ns fall@5.000ns period=10.000ns})
  Path Group:             sys_clk_pin
  Path Type:              Hold (Min at Fast Process Corner)
  Requirement:            0.000ns  (sys_clk_pin rise@0.000ns - sys_clk_pin rise@0.000ns)
  Data Path Delay:        0.302ns  (logic 0.227ns (75.183%)  route 0.075ns (24.817%))
  Logic Levels:           1  (LUT6=1)
  Clock Path Skew:        0.000ns (DCD - SCD - CPR)
    Destination Clock Delay (DCD):    1.986ns
    Source Clock Delay      (SCD):    1.472ns
    Clock Pessimism Removal (CPR):    0.514ns

    Location             Delay type                Incr(ns)  Path(ns)    Netlist Resource(s)
  -------------------------------------------------------------------    -------------------
                         (clock sys_clk_pin rise edge)
                                                      0.000     0.000 r  
    W5                                                0.000     0.000 r  clk (IN)
                         net (fo=0)                   0.000     0.000    clk
    W5                   IBUF (Prop_ibuf_I_O)         0.226     0.226 r  clk_IBUF_inst/O
                         net (fo=1, routed)           0.631     0.858    clk_IBUF
    BUFGCTRL_X0Y0        BUFG (Prop_bufg_I_O)         0.026     0.884 r  clk_IBUF_BUFG_inst/O
                         net (fo=269, routed)         0.589     1.472    u_db_u/CLK
    SLICE_X4Y13          FDCE                                         r  u_db_u/cnt_reg[18]/C
  -------------------------------------------------------------------    -------------------
    SLICE_X4Y13          FDCE (Prop_fdce_C_Q)         0.128     1.600 r  u_db_u/cnt_reg[18]/Q
                         net (fo=3, routed)           0.075     1.675    u_db_u/cnt[18]
    SLICE_X4Y13          LUT6 (Prop_lut6_I3_O)        0.099     1.774 r  u_db_u/cnt[19]_i_1__0/O
                         net (fo=1, routed)           0.000     1.774    u_db_u/p_0_in[19]
    SLICE_X4Y13          FDCE                                         r  u_db_u/cnt_reg[19]/D
  -------------------------------------------------------------------    -------------------

                         (clock sys_clk_pin rise edge)
                                                      0.000     0.000 r  
    W5                                                0.000     0.000 r  clk (IN)
                         net (fo=0)                   0.000     0.000    clk
    W5                   IBUF (Prop_ibuf_I_O)         0.414     0.414 r  clk_IBUF_inst/O
                         net (fo=1, routed)           0.685     1.099    clk_IBUF
    BUFGCTRL_X0Y0        BUFG (Prop_bufg_I_O)         0.029     1.128 r  clk_IBUF_BUFG_inst/O
                         net (fo=269, routed)         0.859     1.986    u_db_u/CLK
    SLICE_X4Y13          FDCE                                         r  u_db_u/cnt_reg[19]/C
                         clock pessimism             -0.514     1.472    
    SLICE_X4Y13          FDCE (Hold_fdce_C_D)         0.092     1.564    u_db_u/cnt_reg[19]
  -------------------------------------------------------------------
                         required time                         -1.564    
                         arrival time                           1.774    
  -------------------------------------------------------------------
                         slack                                  0.210    

Slack (MET) :             0.211ns  (arrival time - required time)
  Source:                 u_db_u/cnt_reg[0]/C
                            (rising edge-triggered cell FDCE clocked by sys_clk_pin  {rise@0.000ns fall@5.000ns period=10.000ns})
  Destination:            u_db_u/cnt_reg[2]/D
                            (rising edge-triggered cell FDCE clocked by sys_clk_pin  {rise@0.000ns fall@5.000ns period=10.000ns})
  Path Group:             sys_clk_pin
  Path Type:              Hold (Min at Fast Process Corner)
  Requirement:            0.000ns  (sys_clk_pin rise@0.000ns - sys_clk_pin rise@0.000ns)
  Data Path Delay:        0.331ns  (logic 0.189ns (57.046%)  route 0.142ns (42.954%))
  Logic Levels:           1  (LUT5=1)
  Clock Path Skew:        0.013ns (DCD - SCD - CPR)
    Destination Clock Delay (DCD):    1.986ns
    Source Clock Delay      (SCD):    1.472ns
    Clock Pessimism Removal (CPR):    0.501ns

    Location             Delay type                Incr(ns)  Path(ns)    Netlist Resource(s)
  -------------------------------------------------------------------    -------------------
                         (clock sys_clk_pin rise edge)
                                                      0.000     0.000 r  
    W5                                                0.000     0.000 r  clk (IN)
                         net (fo=0)                   0.000     0.000    clk
    W5                   IBUF (Prop_ibuf_I_O)         0.226     0.226 r  clk_IBUF_inst/O
                         net (fo=1, routed)           0.631     0.858    clk_IBUF
    BUFGCTRL_X0Y0        BUFG (Prop_bufg_I_O)         0.026     0.884 r  clk_IBUF_BUFG_inst/O
                         net (fo=269, routed)         0.589     1.472    u_db_u/CLK
    SLICE_X5Y14          FDCE                                         r  u_db_u/cnt_reg[0]/C
  -------------------------------------------------------------------    -------------------
    SLICE_X5Y14          FDCE (Prop_fdce_C_Q)         0.141     1.613 r  u_db_u/cnt_reg[0]/Q
                         net (fo=7, routed)           0.142     1.755    u_db_u/cnt[0]
    SLICE_X4Y14          LUT5 (Prop_lut5_I3_O)        0.048     1.803 r  u_db_u/cnt[2]_i_1__0/O
                         net (fo=1, routed)           0.000     1.803    u_db_u/p_0_in[2]
    SLICE_X4Y14          FDCE                                         r  u_db_u/cnt_reg[2]/D
  -------------------------------------------------------------------    -------------------

                         (clock sys_clk_pin rise edge)
                                                      0.000     0.000 r  
    W5                                                0.000     0.000 r  clk (IN)
                         net (fo=0)                   0.000     0.000    clk
    W5                   IBUF (Prop_ibuf_I_O)         0.414     0.414 r  clk_IBUF_inst/O
                         net (fo=1, routed)           0.685     1.099    clk_IBUF
    BUFGCTRL_X0Y0        BUFG (Prop_bufg_I_O)         0.029     1.128 r  clk_IBUF_BUFG_inst/O
                         net (fo=269, routed)         0.859     1.986    u_db_u/CLK
    SLICE_X4Y14          FDCE                                         r  u_db_u/cnt_reg[2]/C
                         clock pessimism             -0.501     1.485    
    SLICE_X4Y14          FDCE (Hold_fdce_C_D)         0.107     1.592    u_db_u/cnt_reg[2]
  -------------------------------------------------------------------
                         required time                         -1.592    
                         arrival time                           1.803    
  -------------------------------------------------------------------
                         slack                                  0.211    

Slack (MET) :             0.213ns  (arrival time - required time)
  Source:                 u_controller/timer_cnt_reg[28]/C
                            (rising edge-triggered cell FDCE clocked by sys_clk_pin  {rise@0.000ns fall@5.000ns period=10.000ns})
  Destination:            u_controller/timer_cnt_reg[29]/D
                            (rising edge-triggered cell FDCE clocked by sys_clk_pin  {rise@0.000ns fall@5.000ns period=10.000ns})
  Path Group:             sys_clk_pin
  Path Type:              Hold (Min at Fast Process Corner)
  Requirement:            0.000ns  (sys_clk_pin rise@0.000ns - sys_clk_pin rise@0.000ns)
  Data Path Delay:        0.347ns  (logic 0.186ns (53.586%)  route 0.161ns (46.414%))
  Logic Levels:           1  (LUT5=1)
  Clock Path Skew:        0.013ns (DCD - SCD - CPR)
    Destination Clock Delay (DCD):    1.947ns
    Source Clock Delay      (SCD):    1.436ns
    Clock Pessimism Removal (CPR):    0.498ns

    Location             Delay type                Incr(ns)  Path(ns)    Netlist Resource(s)
  -------------------------------------------------------------------    -------------------
                         (clock sys_clk_pin rise edge)
                                                      0.000     0.000 r  
    W5                                                0.000     0.000 r  clk (IN)
                         net (fo=0)                   0.000     0.000    clk
    W5                   IBUF (Prop_ibuf_I_O)         0.226     0.226 r  clk_IBUF_inst/O
                         net (fo=1, routed)           0.631     0.858    clk_IBUF
    BUFGCTRL_X0Y0        BUFG (Prop_bufg_I_O)         0.026     0.884 r  clk_IBUF_BUFG_inst/O
                         net (fo=269, routed)         0.553     1.436    u_controller/CLK
    SLICE_X11Y25         FDCE                                         r  u_controller/timer_cnt_reg[28]/C
  -------------------------------------------------------------------    -------------------
    SLICE_X11Y25         FDCE (Prop_fdce_C_Q)         0.141     1.577 r  u_controller/timer_cnt_reg[28]/Q
                         net (fo=5, routed)           0.161     1.738    u_controller/timer_cnt_reg_n_0_[28]
    SLICE_X10Y25         LUT5 (Prop_lut5_I1_O)        0.045     1.783 r  u_controller/timer_cnt[29]_i_1/O
                         net (fo=1, routed)           0.000     1.783    u_controller/timer_cnt0_in[29]
    SLICE_X10Y25         FDCE                                         r  u_controller/timer_cnt_reg[29]/D
  -------------------------------------------------------------------    -------------------

                         (clock sys_clk_pin rise edge)
                                                      0.000     0.000 r  
    W5                                                0.000     0.000 r  clk (IN)
                         net (fo=0)                   0.000     0.000    clk
    W5                   IBUF (Prop_ibuf_I_O)         0.414     0.414 r  clk_IBUF_inst/O
                         net (fo=1, routed)           0.685     1.099    clk_IBUF
    BUFGCTRL_X0Y0        BUFG (Prop_bufg_I_O)         0.029     1.128 r  clk_IBUF_BUFG_inst/O
                         net (fo=269, routed)         0.820     1.947    u_controller/CLK
    SLICE_X10Y25         FDCE                                         r  u_controller/timer_cnt_reg[29]/C
                         clock pessimism             -0.498     1.449    
    SLICE_X10Y25         FDCE (Hold_fdce_C_D)         0.121     1.570    u_controller/timer_cnt_reg[29]
  -------------------------------------------------------------------
                         required time                         -1.570    
                         arrival time                           1.783    
  -------------------------------------------------------------------
                         slack                                  0.213    

Slack (MET) :             0.214ns  (arrival time - required time)
  Source:                 u_controller/timer_cnt_reg[4]/C
                            (rising edge-triggered cell FDCE clocked by sys_clk_pin  {rise@0.000ns fall@5.000ns period=10.000ns})
  Destination:            u_controller/timer_cnt_reg[4]/D
                            (rising edge-triggered cell FDCE clocked by sys_clk_pin  {rise@0.000ns fall@5.000ns period=10.000ns})
  Path Group:             sys_clk_pin
  Path Type:              Hold (Min at Fast Process Corner)
  Requirement:            0.000ns  (sys_clk_pin rise@0.000ns - sys_clk_pin rise@0.000ns)
  Data Path Delay:        0.335ns  (logic 0.209ns (62.414%)  route 0.126ns (37.586%))
  Logic Levels:           1  (LUT6=1)
  Clock Path Skew:        0.000ns (DCD - SCD - CPR)
    Destination Clock Delay (DCD):    1.950ns
    Source Clock Delay      (SCD):    1.439ns
    Clock Pessimism Removal (CPR):    0.511ns

    Location             Delay type                Incr(ns)  Path(ns)    Netlist Resource(s)
  -------------------------------------------------------------------    -------------------
                         (clock sys_clk_pin rise edge)
                                                      0.000     0.000 r  
    W5                                                0.000     0.000 r  clk (IN)
                         net (fo=0)                   0.000     0.000    clk
    W5                   IBUF (Prop_ibuf_I_O)         0.226     0.226 r  clk_IBUF_inst/O
                         net (fo=1, routed)           0.631     0.858    clk_IBUF
    BUFGCTRL_X0Y0        BUFG (Prop_bufg_I_O)         0.026     0.884 r  clk_IBUF_BUFG_inst/O
                         net (fo=269, routed)         0.556     1.439    u_controller/CLK
    SLICE_X10Y22         FDCE                                         r  u_controller/timer_cnt_reg[4]/C
  -------------------------------------------------------------------    -------------------
    SLICE_X10Y22         FDCE (Prop_fdce_C_Q)         0.164     1.603 r  u_controller/timer_cnt_reg[4]/Q
                         net (fo=2, routed)           0.126     1.729    u_controller/timer_cnt_reg_n_0_[4]
    SLICE_X10Y22         LUT6 (Prop_lut6_I5_O)        0.045     1.774 r  u_controller/timer_cnt[4]_i_1/O
                         net (fo=1, routed)           0.000     1.774    u_controller/timer_cnt0_in[4]
    SLICE_X10Y22         FDCE                                         r  u_controller/timer_cnt_reg[4]/D
  -------------------------------------------------------------------    -------------------

                         (clock sys_clk_pin rise edge)
                                                      0.000     0.000 r  
    W5                                                0.000     0.000 r  clk (IN)
                         net (fo=0)                   0.000     0.000    clk
    W5                   IBUF (Prop_ibuf_I_O)         0.414     0.414 r  clk_IBUF_inst/O
                         net (fo=1, routed)           0.685     1.099    clk_IBUF
    BUFGCTRL_X0Y0        BUFG (Prop_bufg_I_O)         0.029     1.128 r  clk_IBUF_BUFG_inst/O
                         net (fo=269, routed)         0.823     1.950    u_controller/CLK
    SLICE_X10Y22         FDCE                                         r  u_controller/timer_cnt_reg[4]/C
                         clock pessimism             -0.511     1.439    
    SLICE_X10Y22         FDCE (Hold_fdce_C_D)         0.121     1.560    u_controller/timer_cnt_reg[4]
  -------------------------------------------------------------------
                         required time                         -1.560    
                         arrival time                           1.774    
  -------------------------------------------------------------------
                         slack                                  0.214    

Slack (MET) :             0.214ns  (arrival time - required time)
  Source:                 u_db_l/cnt_reg[10]/C
                            (rising edge-triggered cell FDCE clocked by sys_clk_pin  {rise@0.000ns fall@5.000ns period=10.000ns})
  Destination:            u_db_l/cnt_reg[11]/D
                            (rising edge-triggered cell FDCE clocked by sys_clk_pin  {rise@0.000ns fall@5.000ns period=10.000ns})
  Path Group:             sys_clk_pin
  Path Type:              Hold (Min at Fast Process Corner)
  Requirement:            0.000ns  (sys_clk_pin rise@0.000ns - sys_clk_pin rise@0.000ns)
  Data Path Delay:        0.347ns  (logic 0.186ns (53.576%)  route 0.161ns (46.424%))
  Logic Levels:           1  (LUT6=1)
  Clock Path Skew:        0.013ns (DCD - SCD - CPR)
    Destination Clock Delay (DCD):    1.956ns
    Source Clock Delay      (SCD):    1.444ns
    Clock Pessimism Removal (CPR):    0.499ns

    Location             Delay type                Incr(ns)  Path(ns)    Netlist Resource(s)
  -------------------------------------------------------------------    -------------------
                         (clock sys_clk_pin rise edge)
                                                      0.000     0.000 r  
    W5                                                0.000     0.000 r  clk (IN)
                         net (fo=0)                   0.000     0.000    clk
    W5                   IBUF (Prop_ibuf_I_O)         0.226     0.226 r  clk_IBUF_inst/O
                         net (fo=1, routed)           0.631     0.858    clk_IBUF
    BUFGCTRL_X0Y0        BUFG (Prop_bufg_I_O)         0.026     0.884 r  clk_IBUF_BUFG_inst/O
                         net (fo=269, routed)         0.561     1.444    u_db_l/CLK
    SLICE_X13Y16         FDCE                                         r  u_db_l/cnt_reg[10]/C
  -------------------------------------------------------------------    -------------------
    SLICE_X13Y16         FDCE (Prop_fdce_C_Q)         0.141     1.585 r  u_db_l/cnt_reg[10]/Q
                         net (fo=6, routed)           0.161     1.746    u_db_l/cnt[10]
    SLICE_X12Y16         LUT6 (Prop_lut6_I4_O)        0.045     1.791 r  u_db_l/cnt[11]_i_1__1/O
                         net (fo=1, routed)           0.000     1.791    u_db_l/p_0_in[11]
    SLICE_X12Y16         FDCE                                         r  u_db_l/cnt_reg[11]/D
  -------------------------------------------------------------------    -------------------

                         (clock sys_clk_pin rise edge)
                                                      0.000     0.000 r  
    W5                                                0.000     0.000 r  clk (IN)
                         net (fo=0)                   0.000     0.000    clk
    W5                   IBUF (Prop_ibuf_I_O)         0.414     0.414 r  clk_IBUF_inst/O
                         net (fo=1, routed)           0.685     1.099    clk_IBUF
    BUFGCTRL_X0Y0        BUFG (Prop_bufg_I_O)         0.029     1.128 r  clk_IBUF_BUFG_inst/O
                         net (fo=269, routed)         0.829     1.956    u_db_l/CLK
    SLICE_X12Y16         FDCE                                         r  u_db_l/cnt_reg[11]/C
                         clock pessimism             -0.499     1.457    
    SLICE_X12Y16         FDCE (Hold_fdce_C_D)         0.120     1.577    u_db_l/cnt_reg[11]
  -------------------------------------------------------------------
                         required time                         -1.577    
                         arrival time                           1.791    
  -------------------------------------------------------------------
                         slack                                  0.214    

Slack (MET) :             0.214ns  (arrival time - required time)
  Source:                 u_db_c/cnt_reg[4]/C
                            (rising edge-triggered cell FDCE clocked by sys_clk_pin  {rise@0.000ns fall@5.000ns period=10.000ns})
  Destination:            u_db_c/cnt_reg[4]/D
                            (rising edge-triggered cell FDCE clocked by sys_clk_pin  {rise@0.000ns fall@5.000ns period=10.000ns})
  Path Group:             sys_clk_pin
  Path Type:              Hold (Min at Fast Process Corner)
  Requirement:            0.000ns  (sys_clk_pin rise@0.000ns - sys_clk_pin rise@0.000ns)
  Data Path Delay:        0.306ns  (logic 0.186ns (60.723%)  route 0.120ns (39.277%))
  Logic Levels:           1  (LUT6=1)
  Clock Path Skew:        0.000ns (DCD - SCD - CPR)
    Destination Clock Delay (DCD):    1.958ns
    Source Clock Delay      (SCD):    1.445ns
    Clock Pessimism Removal (CPR):    0.513ns

    Location             Delay type                Incr(ns)  Path(ns)    Netlist Resource(s)
  -------------------------------------------------------------------    -------------------
                         (clock sys_clk_pin rise edge)
                                                      0.000     0.000 r  
    W5                                                0.000     0.000 r  clk (IN)
                         net (fo=0)                   0.000     0.000    clk
    W5                   IBUF (Prop_ibuf_I_O)         0.226     0.226 r  clk_IBUF_inst/O
                         net (fo=1, routed)           0.631     0.858    clk_IBUF
    BUFGCTRL_X0Y0        BUFG (Prop_bufg_I_O)         0.026     0.884 r  clk_IBUF_BUFG_inst/O
                         net (fo=269, routed)         0.562     1.445    u_db_c/CLK
    SLICE_X9Y14          FDCE                                         r  u_db_c/cnt_reg[4]/C
  -------------------------------------------------------------------    -------------------
    SLICE_X9Y14          FDCE (Prop_fdce_C_Q)         0.141     1.586 r  u_db_c/cnt_reg[4]/Q
                         net (fo=3, routed)           0.120     1.706    u_db_c/cnt[4]
    SLICE_X9Y14          LUT6 (Prop_lut6_I5_O)        0.045     1.751 r  u_db_c/cnt[4]_i_1/O
                         net (fo=1, routed)           0.000     1.751    u_db_c/p_0_in[4]
    SLICE_X9Y14          FDCE                                         r  u_db_c/cnt_reg[4]/D
  -------------------------------------------------------------------    -------------------

                         (clock sys_clk_pin rise edge)
                                                      0.000     0.000 r  
    W5                                                0.000     0.000 r  clk (IN)
                         net (fo=0)                   0.000     0.000    clk
    W5                   IBUF (Prop_ibuf_I_O)         0.414     0.414 r  clk_IBUF_inst/O
                         net (fo=1, routed)           0.685     1.099    clk_IBUF
    BUFGCTRL_X0Y0        BUFG (Prop_bufg_I_O)         0.029     1.128 r  clk_IBUF_BUFG_inst/O
                         net (fo=269, routed)         0.831     1.958    u_db_c/CLK
    SLICE_X9Y14          FDCE                                         r  u_db_c/cnt_reg[4]/C
                         clock pessimism             -0.513     1.445    
    SLICE_X9Y14          FDCE (Hold_fdce_C_D)         0.092     1.537    u_db_c/cnt_reg[4]
  -------------------------------------------------------------------
                         required time                         -1.537    
                         arrival time                           1.751    
  -------------------------------------------------------------------
                         slack                                  0.214    





Pulse Width Checks
--------------------------------------------------------------------------------------
Clock Name:         sys_clk_pin
Waveform(ns):       { 0.000 5.000 }
Period(ns):         10.000
Sources:            { clk }

Check Type        Corner  Lib Pin  Reference Pin  Required(ns)  Actual(ns)  Slack(ns)  Location       Pin
Min Period        n/a     BUFG/I   n/a            2.155         10.000      7.845      BUFGCTRL_X0Y0  clk_IBUF_BUFG_inst/I
Min Period        n/a     FDCE/C   n/a            1.000         10.000      9.000      SLICE_X9Y21    u_controller/FSM_sequential_state_reg[0]/C
Min Period        n/a     FDCE/C   n/a            1.000         10.000      9.000      SLICE_X9Y21    u_controller/FSM_sequential_state_reg[1]/C
Min Period        n/a     FDCE/C   n/a            1.000         10.000      9.000      SLICE_X9Y21    u_controller/FSM_sequential_state_reg[2]/C
Min Period        n/a     FDPE/C   n/a            1.000         10.000      9.000      SLICE_X8Y21    u_controller/cpu_action_turn_reg[0]/C
Min Period        n/a     FDCE/C   n/a            1.000         10.000      9.000      SLICE_X8Y20    u_controller/cpu_action_turn_reg[1]/C
Min Period        n/a     FDPE/C   n/a            1.000         10.000      9.000      SLICE_X1Y21    u_controller/cpu_hp_reg[0]/C
Min Period        n/a     FDCE/C   n/a            1.000         10.000      9.000      SLICE_X1Y19    u_controller/cpu_hp_reg[1]/C
Min Period        n/a     FDCE/C   n/a            1.000         10.000      9.000      SLICE_X1Y21    u_controller/cpu_hp_reg[2]/C
Min Period        n/a     FDPE/C   n/a            1.000         10.000      9.000      SLICE_X1Y21    u_controller/cpu_hp_reg[3]/C
Low Pulse Width   Slow    FDCE/C   n/a            0.500         5.000       4.500      SLICE_X9Y21    u_controller/FSM_sequential_state_reg[0]/C
Low Pulse Width   Fast    FDCE/C   n/a            0.500         5.000       4.500      SLICE_X9Y21    u_controller/FSM_sequential_state_reg[0]/C
Low Pulse Width   Slow    FDCE/C   n/a            0.500         5.000       4.500      SLICE_X9Y21    u_controller/FSM_sequential_state_reg[1]/C
Low Pulse Width   Fast    FDCE/C   n/a            0.500         5.000       4.500      SLICE_X9Y21    u_controller/FSM_sequential_state_reg[1]/C
Low Pulse Width   Slow    FDCE/C   n/a            0.500         5.000       4.500      SLICE_X9Y21    u_controller/FSM_sequential_state_reg[2]/C
Low Pulse Width   Fast    FDCE/C   n/a            0.500         5.000       4.500      SLICE_X9Y21    u_controller/FSM_sequential_state_reg[2]/C
Low Pulse Width   Slow    FDPE/C   n/a            0.500         5.000       4.500      SLICE_X8Y21    u_controller/cpu_action_turn_reg[0]/C
Low Pulse Width   Fast    FDPE/C   n/a            0.500         5.000       4.500      SLICE_X8Y21    u_controller/cpu_action_turn_reg[0]/C
Low Pulse Width   Slow    FDCE/C   n/a            0.500         5.000       4.500      SLICE_X8Y20    u_controller/cpu_action_turn_reg[1]/C
Low Pulse Width   Fast    FDCE/C   n/a            0.500         5.000       4.500      SLICE_X8Y20    u_controller/cpu_action_turn_reg[1]/C
High Pulse Width  Slow    FDCE/C   n/a            0.500         5.000       4.500      SLICE_X9Y21    u_controller/FSM_sequential_state_reg[0]/C
High Pulse Width  Fast    FDCE/C   n/a            0.500         5.000       4.500      SLICE_X9Y21    u_controller/FSM_sequential_state_reg[0]/C
High Pulse Width  Slow    FDCE/C   n/a            0.500         5.000       4.500      SLICE_X9Y21    u_controller/FSM_sequential_state_reg[1]/C
High Pulse Width  Fast    FDCE/C   n/a            0.500         5.000       4.500      SLICE_X9Y21    u_controller/FSM_sequential_state_reg[1]/C
High Pulse Width  Slow    FDCE/C   n/a            0.500         5.000       4.500      SLICE_X9Y21    u_controller/FSM_sequential_state_reg[2]/C
High Pulse Width  Fast    FDCE/C   n/a            0.500         5.000       4.500      SLICE_X9Y21    u_controller/FSM_sequential_state_reg[2]/C
High Pulse Width  Slow    FDPE/C   n/a            0.500         5.000       4.500      SLICE_X8Y21    u_controller/cpu_action_turn_reg[0]/C
High Pulse Width  Fast    FDPE/C   n/a            0.500         5.000       4.500      SLICE_X8Y21    u_controller/cpu_action_turn_reg[0]/C
High Pulse Width  Slow    FDCE/C   n/a            0.500         5.000       4.500      SLICE_X8Y20    u_controller/cpu_action_turn_reg[1]/C
High Pulse Width  Fast    FDCE/C   n/a            0.500         5.000       4.500      SLICE_X8Y20    u_controller/cpu_action_turn_reg[1]/C



--------------------------------------------------------------------------------------
Path Group:  (none)
From Clock:  sys_clk_pin
  To Clock:  

Max Delay            21 Endpoints
Min Delay            21 Endpoints
--------------------------------------------------------------------------------------


Max Delay Paths
--------------------------------------------------------------------------------------
Slack:                    inf
  Source:                 u_controller/u_cpu_rules/P1_reg[1]/C
                            (rising edge-triggered cell FDPE clocked by sys_clk_pin  {rise@0.000ns fall@5.000ns period=10.000ns})
  Destination:            seg[6]
                            (output port)
  Path Group:             (none)
  Path Type:              Max at Slow Process Corner
  Data Path Delay:        15.295ns  (logic 5.658ns (36.995%)  route 9.637ns (63.005%))
  Logic Levels:           9  (LUT3=1 LUT4=1 LUT5=2 LUT6=4 OBUF=1)
  Clock Uncertainty:      0.025ns  ((TSJ^2 + TIJ^2)^1/2 + DJ) / 2 + PE
    Total System Jitter     (TSJ):    0.050ns
    Total Input Jitter      (TIJ):    0.000ns
    Discrete Jitter          (DJ):    0.000ns
    Phase Error              (PE):    0.000ns

    Location             Delay type                Incr(ns)  Path(ns)    Netlist Resource(s)
  -------------------------------------------------------------------    -------------------
                         (clock sys_clk_pin rise edge)
                                                      0.000     0.000 r  
    W5                                                0.000     0.000 r  clk (IN)
                         net (fo=0)                   0.000     0.000    clk
    W5                   IBUF (Prop_ibuf_I_O)         1.458     1.458 r  clk_IBUF_inst/O
                         net (fo=1, routed)           1.967     3.425    clk_IBUF
    BUFGCTRL_X0Y0        BUFG (Prop_bufg_I_O)         0.096     3.521 r  clk_IBUF_BUFG_inst/O
                         net (fo=269, routed)         1.625     5.146    u_controller/u_cpu_rules/CLK
    SLICE_X2Y20          FDPE                                         r  u_controller/u_cpu_rules/P1_reg[1]/C
  -------------------------------------------------------------------    -------------------
    SLICE_X2Y20          FDPE (Prop_fdpe_C_Q)         0.478     5.624 f  u_controller/u_cpu_rules/P1_reg[1]/Q
                         net (fo=22, routed)          1.001     6.626    u_controller/u_cpu_rules/P1[1]
    SLICE_X2Y19          LUT4 (Prop_lut4_I0_O)        0.323     6.949 r  u_controller/u_cpu_rules/tie_mask_r[2]_i_9/O
                         net (fo=11, routed)          0.442     7.391    u_controller/u_cpu_rules/tie_mask_r[2]_i_9_n_0
    SLICE_X3Y21          LUT6 (Prop_lut6_I5_O)        0.348     7.739 f  u_controller/u_cpu_rules/player_hp_prev1[2]_i_7/O
                         net (fo=1, routed)           0.263     8.002    u_controller/u_cpu_rules/u_history_valid_counter/u_hist_ctr/player_hp_prev1[2]_i_4_0
    SLICE_X3Y21          LUT3 (Prop_lut3_I2_O)        0.124     8.126 r  u_controller/u_cpu_rules/u_history_valid_counter/u_hist_ctr/player_hp_prev1[2]_i_6/O
                         net (fo=2, routed)           0.727     8.853    u_controller/u_cpu_rules/u_history_valid_counter/u_hist_ctr/player_hp_prev1[2]_i_6_n_0
    SLICE_X5Y20          LUT5 (Prop_lut5_I4_O)        0.150     9.003 f  u_controller/u_cpu_rules/u_history_valid_counter/u_hist_ctr/player_hp_prev1[2]_i_4/O
                         net (fo=12, routed)          0.924     9.927    u_controller/u_cpu_rules/u_history_valid_counter/u_hist_ctr/player_hp_prev1[2]_i_4_n_0
    SLICE_X6Y23          LUT6 (Prop_lut6_I5_O)        0.332    10.259 r  u_controller/u_cpu_rules/u_history_valid_counter/u_hist_ctr/seg_OBUF[6]_inst_i_16/O
                         net (fo=1, routed)           0.796    11.055    u_controller/u_cpu_rules/u_history_valid_counter/u_hist_ctr/seg_OBUF[6]_inst_i_16_n_0
    SLICE_X6Y24          LUT5 (Prop_lut5_I3_O)        0.124    11.179 r  u_controller/u_cpu_rules/u_history_valid_counter/u_hist_ctr/seg_OBUF[6]_inst_i_14/O
                         net (fo=7, routed)           1.172    12.350    u_mux/u2/sel[2]
    SLICE_X4Y25          LUT6 (Prop_lut6_I5_O)        0.124    12.474 r  u_mux/u2/seg_OBUF[6]_inst_i_5/O
                         net (fo=1, routed)           0.444    12.918    u_controller/u_cpu_rules/u_history_valid_counter/u_hist_ctr/seg[6]_0[5]
    SLICE_X4Y25          LUT6 (Prop_lut6_I5_O)        0.124    13.042 r  u_controller/u_cpu_rules/u_history_valid_counter/u_hist_ctr/u_pat_mux/u_mux/seg_OBUF[6]_inst_i_1/O
                         net (fo=1, routed)           3.868    16.910    seg_OBUF[6]
    U7                   OBUF (Prop_obuf_I_O)         3.531    20.442 r  seg_OBUF[6]_inst/O
                         net (fo=0)                   0.000    20.442    seg[6]
    U7                                                                r  seg[6] (OUT)
  -------------------------------------------------------------------    -------------------

Slack:                    inf
  Source:                 u_controller/u_cpu_rules/P1_reg[1]/C
                            (rising edge-triggered cell FDPE clocked by sys_clk_pin  {rise@0.000ns fall@5.000ns period=10.000ns})
  Destination:            seg[3]
                            (output port)
  Path Group:             (none)
  Path Type:              Max at Slow Process Corner
  Data Path Delay:        15.138ns  (logic 5.663ns (37.407%)  route 9.475ns (62.593%))
  Logic Levels:           9  (LUT3=1 LUT4=1 LUT5=2 LUT6=4 OBUF=1)
  Clock Uncertainty:      0.025ns  ((TSJ^2 + TIJ^2)^1/2 + DJ) / 2 + PE
    Total System Jitter     (TSJ):    0.050ns
    Total Input Jitter      (TIJ):    0.000ns
    Discrete Jitter          (DJ):    0.000ns
    Phase Error              (PE):    0.000ns

    Location             Delay type                Incr(ns)  Path(ns)    Netlist Resource(s)
  -------------------------------------------------------------------    -------------------
                         (clock sys_clk_pin rise edge)
                                                      0.000     0.000 r  
    W5                                                0.000     0.000 r  clk (IN)
                         net (fo=0)                   0.000     0.000    clk
    W5                   IBUF (Prop_ibuf_I_O)         1.458     1.458 r  clk_IBUF_inst/O
                         net (fo=1, routed)           1.967     3.425    clk_IBUF
    BUFGCTRL_X0Y0        BUFG (Prop_bufg_I_O)         0.096     3.521 r  clk_IBUF_BUFG_inst/O
                         net (fo=269, routed)         1.625     5.146    u_controller/u_cpu_rules/CLK
    SLICE_X2Y20          FDPE                                         r  u_controller/u_cpu_rules/P1_reg[1]/C
  -------------------------------------------------------------------    -------------------
    SLICE_X2Y20          FDPE (Prop_fdpe_C_Q)         0.478     5.624 f  u_controller/u_cpu_rules/P1_reg[1]/Q
                         net (fo=22, routed)          1.001     6.626    u_controller/u_cpu_rules/P1[1]
    SLICE_X2Y19          LUT4 (Prop_lut4_I0_O)        0.323     6.949 r  u_controller/u_cpu_rules/tie_mask_r[2]_i_9/O
                         net (fo=11, routed)          0.442     7.391    u_controller/u_cpu_rules/tie_mask_r[2]_i_9_n_0
    SLICE_X3Y21          LUT6 (Prop_lut6_I5_O)        0.348     7.739 f  u_controller/u_cpu_rules/player_hp_prev1[2]_i_7/O
                         net (fo=1, routed)           0.263     8.002    u_controller/u_cpu_rules/u_history_valid_counter/u_hist_ctr/player_hp_prev1[2]_i_4_0
    SLICE_X3Y21          LUT3 (Prop_lut3_I2_O)        0.124     8.126 r  u_controller/u_cpu_rules/u_history_valid_counter/u_hist_ctr/player_hp_prev1[2]_i_6/O
                         net (fo=2, routed)           0.727     8.853    u_controller/u_cpu_rules/u_history_valid_counter/u_hist_ctr/player_hp_prev1[2]_i_6_n_0
    SLICE_X5Y20          LUT5 (Prop_lut5_I4_O)        0.150     9.003 f  u_controller/u_cpu_rules/u_history_valid_counter/u_hist_ctr/player_hp_prev1[2]_i_4/O
                         net (fo=12, routed)          0.924     9.927    u_controller/u_cpu_rules/u_history_valid_counter/u_hist_ctr/player_hp_prev1[2]_i_4_n_0
    SLICE_X6Y23          LUT6 (Prop_lut6_I5_O)        0.332    10.259 r  u_controller/u_cpu_rules/u_history_valid_counter/u_hist_ctr/seg_OBUF[6]_inst_i_16/O
                         net (fo=1, routed)           0.796    11.055    u_controller/u_cpu_rules/u_history_valid_counter/u_hist_ctr/seg_OBUF[6]_inst_i_16_n_0
    SLICE_X6Y24          LUT5 (Prop_lut5_I3_O)        0.124    11.179 r  u_controller/u_cpu_rules/u_history_valid_counter/u_hist_ctr/seg_OBUF[6]_inst_i_14/O
                         net (fo=7, routed)           1.170    12.348    u_mux/u2/sel[2]
    SLICE_X5Y25          LUT6 (Prop_lut6_I3_O)        0.124    12.472 r  u_mux/u2/seg_OBUF[3]_inst_i_5/O
                         net (fo=1, routed)           0.666    13.138    u_controller/u_cpu_rules/u_history_valid_counter/u_hist_ctr/seg[6]_0[3]
    SLICE_X5Y24          LUT6 (Prop_lut6_I5_O)        0.124    13.262 r  u_controller/u_cpu_rules/u_history_valid_counter/u_hist_ctr/u_pat_mux/u_mux/seg_OBUF[3]_inst_i_1/O
                         net (fo=1, routed)           3.487    16.749    seg_OBUF[3]
    V8                   OBUF (Prop_obuf_I_O)         3.536    20.284 r  seg_OBUF[3]_inst/O
                         net (fo=0)                   0.000    20.284    seg[3]
    V8                                                                r  seg[3] (OUT)
  -------------------------------------------------------------------    -------------------

Slack:                    inf
  Source:                 u_controller/u_cpu_rules/P1_reg[1]/C
                            (rising edge-triggered cell FDPE clocked by sys_clk_pin  {rise@0.000ns fall@5.000ns period=10.000ns})
  Destination:            seg[0]
                            (output port)
  Path Group:             (none)
  Path Type:              Max at Slow Process Corner
  Data Path Delay:        14.830ns  (logic 5.638ns (38.016%)  route 9.192ns (61.984%))
  Logic Levels:           9  (LUT3=1 LUT4=1 LUT5=3 LUT6=3 OBUF=1)
  Clock Uncertainty:      0.025ns  ((TSJ^2 + TIJ^2)^1/2 + DJ) / 2 + PE
    Total System Jitter     (TSJ):    0.050ns
    Total Input Jitter      (TIJ):    0.000ns
    Discrete Jitter          (DJ):    0.000ns
    Phase Error              (PE):    0.000ns

    Location             Delay type                Incr(ns)  Path(ns)    Netlist Resource(s)
  -------------------------------------------------------------------    -------------------
                         (clock sys_clk_pin rise edge)
                                                      0.000     0.000 r  
    W5                                                0.000     0.000 r  clk (IN)
                         net (fo=0)                   0.000     0.000    clk
    W5                   IBUF (Prop_ibuf_I_O)         1.458     1.458 r  clk_IBUF_inst/O
                         net (fo=1, routed)           1.967     3.425    clk_IBUF
    BUFGCTRL_X0Y0        BUFG (Prop_bufg_I_O)         0.096     3.521 r  clk_IBUF_BUFG_inst/O
                         net (fo=269, routed)         1.625     5.146    u_controller/u_cpu_rules/CLK
    SLICE_X2Y20          FDPE                                         r  u_controller/u_cpu_rules/P1_reg[1]/C
  -------------------------------------------------------------------    -------------------
    SLICE_X2Y20          FDPE (Prop_fdpe_C_Q)         0.478     5.624 f  u_controller/u_cpu_rules/P1_reg[1]/Q
                         net (fo=22, routed)          1.001     6.626    u_controller/u_cpu_rules/P1[1]
    SLICE_X2Y19          LUT4 (Prop_lut4_I0_O)        0.323     6.949 r  u_controller/u_cpu_rules/tie_mask_r[2]_i_9/O
                         net (fo=11, routed)          0.442     7.391    u_controller/u_cpu_rules/tie_mask_r[2]_i_9_n_0
    SLICE_X3Y21          LUT6 (Prop_lut6_I5_O)        0.348     7.739 f  u_controller/u_cpu_rules/player_hp_prev1[2]_i_7/O
                         net (fo=1, routed)           0.263     8.002    u_controller/u_cpu_rules/u_history_valid_counter/u_hist_ctr/player_hp_prev1[2]_i_4_0
    SLICE_X3Y21          LUT3 (Prop_lut3_I2_O)        0.124     8.126 r  u_controller/u_cpu_rules/u_history_valid_counter/u_hist_ctr/player_hp_prev1[2]_i_6/O
                         net (fo=2, routed)           0.727     8.853    u_controller/u_cpu_rules/u_history_valid_counter/u_hist_ctr/player_hp_prev1[2]_i_6_n_0
    SLICE_X5Y20          LUT5 (Prop_lut5_I4_O)        0.150     9.003 f  u_controller/u_cpu_rules/u_history_valid_counter/u_hist_ctr/player_hp_prev1[2]_i_4/O
                         net (fo=12, routed)          0.924     9.927    u_controller/u_cpu_rules/u_history_valid_counter/u_hist_ctr/player_hp_prev1[2]_i_4_n_0
    SLICE_X6Y23          LUT6 (Prop_lut6_I5_O)        0.332    10.259 r  u_controller/u_cpu_rules/u_history_valid_counter/u_hist_ctr/seg_OBUF[6]_inst_i_16/O
                         net (fo=1, routed)           0.796    11.055    u_controller/u_cpu_rules/u_history_valid_counter/u_hist_ctr/seg_OBUF[6]_inst_i_16_n_0
    SLICE_X6Y24          LUT5 (Prop_lut5_I3_O)        0.124    11.179 r  u_controller/u_cpu_rules/u_history_valid_counter/u_hist_ctr/seg_OBUF[6]_inst_i_14/O
                         net (fo=7, routed)           0.943    12.122    u_mux/u2/sel[2]
    SLICE_X5Y23          LUT5 (Prop_lut5_I1_O)        0.124    12.246 r  u_mux/u2/seg_OBUF[0]_inst_i_5/O
                         net (fo=1, routed)           0.798    13.044    u_controller/u_cpu_rules/u_history_valid_counter/u_hist_ctr/seg[6]_0[0]
    SLICE_X5Y24          LUT6 (Prop_lut6_I5_O)        0.124    13.168 r  u_controller/u_cpu_rules/u_history_valid_counter/u_hist_ctr/u_pat_mux/u_mux/seg_OBUF[0]_inst_i_1/O
                         net (fo=1, routed)           3.298    16.465    seg_OBUF[0]
    W7                   OBUF (Prop_obuf_I_O)         3.511    19.976 r  seg_OBUF[0]_inst/O
                         net (fo=0)                   0.000    19.976    seg[0]
    W7                                                                r  seg[0] (OUT)
  -------------------------------------------------------------------    -------------------

Slack:                    inf
  Source:                 u_controller/u_cpu_rules/P1_reg[1]/C
                            (rising edge-triggered cell FDPE clocked by sys_clk_pin  {rise@0.000ns fall@5.000ns period=10.000ns})
  Destination:            seg[5]
                            (output port)
  Path Group:             (none)
  Path Type:              Max at Slow Process Corner
  Data Path Delay:        14.634ns  (logic 5.631ns (38.482%)  route 9.003ns (61.518%))
  Logic Levels:           9  (LUT3=1 LUT4=1 LUT5=2 LUT6=4 OBUF=1)
  Clock Uncertainty:      0.025ns  ((TSJ^2 + TIJ^2)^1/2 + DJ) / 2 + PE
    Total System Jitter     (TSJ):    0.050ns
    Total Input Jitter      (TIJ):    0.000ns
    Discrete Jitter          (DJ):    0.000ns
    Phase Error              (PE):    0.000ns

    Location             Delay type                Incr(ns)  Path(ns)    Netlist Resource(s)
  -------------------------------------------------------------------    -------------------
                         (clock sys_clk_pin rise edge)
                                                      0.000     0.000 r  
    W5                                                0.000     0.000 r  clk (IN)
                         net (fo=0)                   0.000     0.000    clk
    W5                   IBUF (Prop_ibuf_I_O)         1.458     1.458 r  clk_IBUF_inst/O
                         net (fo=1, routed)           1.967     3.425    clk_IBUF
    BUFGCTRL_X0Y0        BUFG (Prop_bufg_I_O)         0.096     3.521 r  clk_IBUF_BUFG_inst/O
                         net (fo=269, routed)         1.625     5.146    u_controller/u_cpu_rules/CLK
    SLICE_X2Y20          FDPE                                         r  u_controller/u_cpu_rules/P1_reg[1]/C
  -------------------------------------------------------------------    -------------------
    SLICE_X2Y20          FDPE (Prop_fdpe_C_Q)         0.478     5.624 f  u_controller/u_cpu_rules/P1_reg[1]/Q
                         net (fo=22, routed)          1.001     6.626    u_controller/u_cpu_rules/P1[1]
    SLICE_X2Y19          LUT4 (Prop_lut4_I0_O)        0.323     6.949 r  u_controller/u_cpu_rules/tie_mask_r[2]_i_9/O
                         net (fo=11, routed)          0.442     7.391    u_controller/u_cpu_rules/tie_mask_r[2]_i_9_n_0
    SLICE_X3Y21          LUT6 (Prop_lut6_I5_O)        0.348     7.739 f  u_controller/u_cpu_rules/player_hp_prev1[2]_i_7/O
                         net (fo=1, routed)           0.263     8.002    u_controller/u_cpu_rules/u_history_valid_counter/u_hist_ctr/player_hp_prev1[2]_i_4_0
    SLICE_X3Y21          LUT3 (Prop_lut3_I2_O)        0.124     8.126 r  u_controller/u_cpu_rules/u_history_valid_counter/u_hist_ctr/player_hp_prev1[2]_i_6/O
                         net (fo=2, routed)           0.727     8.853    u_controller/u_cpu_rules/u_history_valid_counter/u_hist_ctr/player_hp_prev1[2]_i_6_n_0
    SLICE_X5Y20          LUT5 (Prop_lut5_I4_O)        0.150     9.003 f  u_controller/u_cpu_rules/u_history_valid_counter/u_hist_ctr/player_hp_prev1[2]_i_4/O
                         net (fo=12, routed)          0.924     9.927    u_controller/u_cpu_rules/u_history_valid_counter/u_hist_ctr/player_hp_prev1[2]_i_4_n_0
    SLICE_X6Y23          LUT6 (Prop_lut6_I5_O)        0.332    10.259 r  u_controller/u_cpu_rules/u_history_valid_counter/u_hist_ctr/seg_OBUF[6]_inst_i_16/O
                         net (fo=1, routed)           0.796    11.055    u_controller/u_cpu_rules/u_history_valid_counter/u_hist_ctr/seg_OBUF[6]_inst_i_16_n_0
    SLICE_X6Y24          LUT5 (Prop_lut5_I3_O)        0.124    11.179 r  u_controller/u_cpu_rules/u_history_valid_counter/u_hist_ctr/seg_OBUF[6]_inst_i_14/O
                         net (fo=7, routed)           0.851    12.029    u_controller/u_cpu_rules/u_history_valid_counter/u_hist_ctr/sel[2]
    SLICE_X6Y23          LUT6 (Prop_lut6_I3_O)        0.124    12.153 r  u_controller/u_cpu_rules/u_history_valid_counter/u_hist_ctr/seg_OBUF[5]_inst_i_5/O
                         net (fo=1, routed)           0.498    12.652    u_controller/u_cpu_rules/u_history_valid_counter/u_hist_ctr/digit2[5]
    SLICE_X7Y23          LUT6 (Prop_lut6_I5_O)        0.124    12.776 r  u_controller/u_cpu_rules/u_history_valid_counter/u_hist_ctr/u_pat_mux/u_mux/seg_OBUF[5]_inst_i_1/O
                         net (fo=1, routed)           3.500    16.276    seg_OBUF[5]
    V5                   OBUF (Prop_obuf_I_O)         3.504    19.780 r  seg_OBUF[5]_inst/O
                         net (fo=0)                   0.000    19.780    seg[5]
    V5                                                                r  seg[5] (OUT)
  -------------------------------------------------------------------    -------------------

Slack:                    inf
  Source:                 u_controller/u_cpu_rules/P1_reg[1]/C
                            (rising edge-triggered cell FDPE clocked by sys_clk_pin  {rise@0.000ns fall@5.000ns period=10.000ns})
  Destination:            seg[1]
                            (output port)
  Path Group:             (none)
  Path Type:              Max at Slow Process Corner
  Data Path Delay:        14.568ns  (logic 5.890ns (40.432%)  route 8.678ns (59.568%))
  Logic Levels:           9  (LUT3=1 LUT4=1 LUT5=3 LUT6=3 OBUF=1)
  Clock Uncertainty:      0.025ns  ((TSJ^2 + TIJ^2)^1/2 + DJ) / 2 + PE
    Total System Jitter     (TSJ):    0.050ns
    Total Input Jitter      (TIJ):    0.000ns
    Discrete Jitter          (DJ):    0.000ns
    Phase Error              (PE):    0.000ns

    Location             Delay type                Incr(ns)  Path(ns)    Netlist Resource(s)
  -------------------------------------------------------------------    -------------------
                         (clock sys_clk_pin rise edge)
                                                      0.000     0.000 r  
    W5                                                0.000     0.000 r  clk (IN)
                         net (fo=0)                   0.000     0.000    clk
    W5                   IBUF (Prop_ibuf_I_O)         1.458     1.458 r  clk_IBUF_inst/O
                         net (fo=1, routed)           1.967     3.425    clk_IBUF
    BUFGCTRL_X0Y0        BUFG (Prop_bufg_I_O)         0.096     3.521 r  clk_IBUF_BUFG_inst/O
                         net (fo=269, routed)         1.625     5.146    u_controller/u_cpu_rules/CLK
    SLICE_X2Y20          FDPE                                         r  u_controller/u_cpu_rules/P1_reg[1]/C
  -------------------------------------------------------------------    -------------------
    SLICE_X2Y20          FDPE (Prop_fdpe_C_Q)         0.478     5.624 f  u_controller/u_cpu_rules/P1_reg[1]/Q
                         net (fo=22, routed)          1.001     6.626    u_controller/u_cpu_rules/P1[1]
    SLICE_X2Y19          LUT4 (Prop_lut4_I0_O)        0.323     6.949 r  u_controller/u_cpu_rules/tie_mask_r[2]_i_9/O
                         net (fo=11, routed)          0.442     7.391    u_controller/u_cpu_rules/tie_mask_r[2]_i_9_n_0
    SLICE_X3Y21          LUT6 (Prop_lut6_I5_O)        0.348     7.739 f  u_controller/u_cpu_rules/player_hp_prev1[2]_i_7/O
                         net (fo=1, routed)           0.263     8.002    u_controller/u_cpu_rules/u_history_valid_counter/u_hist_ctr/player_hp_prev1[2]_i_4_0
    SLICE_X3Y21          LUT3 (Prop_lut3_I2_O)        0.124     8.126 r  u_controller/u_cpu_rules/u_history_valid_counter/u_hist_ctr/player_hp_prev1[2]_i_6/O
                         net (fo=2, routed)           0.727     8.853    u_controller/u_cpu_rules/u_history_valid_counter/u_hist_ctr/player_hp_prev1[2]_i_6_n_0
    SLICE_X5Y20          LUT5 (Prop_lut5_I4_O)        0.150     9.003 f  u_controller/u_cpu_rules/u_history_valid_counter/u_hist_ctr/player_hp_prev1[2]_i_4/O
                         net (fo=12, routed)          0.924     9.927    u_controller/u_cpu_rules/u_history_valid_counter/u_hist_ctr/player_hp_prev1[2]_i_4_n_0
    SLICE_X6Y23          LUT6 (Prop_lut6_I5_O)        0.332    10.259 r  u_controller/u_cpu_rules/u_history_valid_counter/u_hist_ctr/seg_OBUF[6]_inst_i_16/O
                         net (fo=1, routed)           0.796    11.055    u_controller/u_cpu_rules/u_history_valid_counter/u_hist_ctr/seg_OBUF[6]_inst_i_16_n_0
    SLICE_X6Y24          LUT5 (Prop_lut5_I3_O)        0.124    11.179 r  u_controller/u_cpu_rules/u_history_valid_counter/u_hist_ctr/seg_OBUF[6]_inst_i_14/O
                         net (fo=7, routed)           0.943    12.122    u_mux/u2/sel[2]
    SLICE_X5Y23          LUT5 (Prop_lut5_I2_O)        0.150    12.272 r  u_mux/u2/seg_OBUF[1]_inst_i_5/O
                         net (fo=1, routed)           0.267    12.538    u_controller/u_cpu_rules/u_history_valid_counter/u_hist_ctr/seg[6]_0[1]
    SLICE_X5Y23          LUT6 (Prop_lut6_I5_O)        0.332    12.870 r  u_controller/u_cpu_rules/u_history_valid_counter/u_hist_ctr/u_pat_mux/u_mux/seg_OBUF[1]_inst_i_1/O
                         net (fo=1, routed)           3.315    16.185    seg_OBUF[1]
    W6                   OBUF (Prop_obuf_I_O)         3.529    19.714 r  seg_OBUF[1]_inst/O
                         net (fo=0)                   0.000    19.714    seg[1]
    W6                                                                r  seg[1] (OUT)
  -------------------------------------------------------------------    -------------------

Slack:                    inf
  Source:                 u_controller/u_cpu_rules/P1_reg[1]/C
                            (rising edge-triggered cell FDPE clocked by sys_clk_pin  {rise@0.000ns fall@5.000ns period=10.000ns})
  Destination:            seg[2]
                            (output port)
  Path Group:             (none)
  Path Type:              Max at Slow Process Corner
  Data Path Delay:        14.494ns  (logic 5.662ns (39.065%)  route 8.832ns (60.935%))
  Logic Levels:           9  (LUT3=1 LUT4=1 LUT5=2 LUT6=4 OBUF=1)
  Clock Uncertainty:      0.025ns  ((TSJ^2 + TIJ^2)^1/2 + DJ) / 2 + PE
    Total System Jitter     (TSJ):    0.050ns
    Total Input Jitter      (TIJ):    0.000ns
    Discrete Jitter          (DJ):    0.000ns
    Phase Error              (PE):    0.000ns

    Location             Delay type                Incr(ns)  Path(ns)    Netlist Resource(s)
  -------------------------------------------------------------------    -------------------
                         (clock sys_clk_pin rise edge)
                                                      0.000     0.000 r  
    W5                                                0.000     0.000 r  clk (IN)
                         net (fo=0)                   0.000     0.000    clk
    W5                   IBUF (Prop_ibuf_I_O)         1.458     1.458 r  clk_IBUF_inst/O
                         net (fo=1, routed)           1.967     3.425    clk_IBUF
    BUFGCTRL_X0Y0        BUFG (Prop_bufg_I_O)         0.096     3.521 r  clk_IBUF_BUFG_inst/O
                         net (fo=269, routed)         1.625     5.146    u_controller/u_cpu_rules/CLK
    SLICE_X2Y20          FDPE                                         r  u_controller/u_cpu_rules/P1_reg[1]/C
  -------------------------------------------------------------------    -------------------
    SLICE_X2Y20          FDPE (Prop_fdpe_C_Q)         0.478     5.624 r  u_controller/u_cpu_rules/P1_reg[1]/Q
                         net (fo=22, routed)          1.001     6.626    u_controller/u_cpu_rules/P1[1]
    SLICE_X2Y19          LUT4 (Prop_lut4_I0_O)        0.323     6.949 f  u_controller/u_cpu_rules/tie_mask_r[2]_i_9/O
                         net (fo=11, routed)          0.442     7.391    u_controller/u_cpu_rules/tie_mask_r[2]_i_9_n_0
    SLICE_X3Y21          LUT6 (Prop_lut6_I5_O)        0.348     7.739 r  u_controller/u_cpu_rules/player_hp_prev1[2]_i_7/O
                         net (fo=1, routed)           0.263     8.002    u_controller/u_cpu_rules/u_history_valid_counter/u_hist_ctr/player_hp_prev1[2]_i_4_0
    SLICE_X3Y21          LUT3 (Prop_lut3_I2_O)        0.124     8.126 f  u_controller/u_cpu_rules/u_history_valid_counter/u_hist_ctr/player_hp_prev1[2]_i_6/O
                         net (fo=2, routed)           0.727     8.853    u_controller/u_cpu_rules/u_history_valid_counter/u_hist_ctr/player_hp_prev1[2]_i_6_n_0
    SLICE_X5Y20          LUT5 (Prop_lut5_I4_O)        0.150     9.003 r  u_controller/u_cpu_rules/u_history_valid_counter/u_hist_ctr/player_hp_prev1[2]_i_4/O
                         net (fo=12, routed)          1.077    10.080    u_controller/u_cpu_rules/u_history_valid_counter/u_hist_ctr/player_hp_prev1[2]_i_4_n_0
    SLICE_X6Y23          LUT6 (Prop_lut6_I0_O)        0.332    10.412 r  u_controller/u_cpu_rules/u_history_valid_counter/u_hist_ctr/seg_OBUF[6]_inst_i_15/O
                         net (fo=1, routed)           0.591    11.003    u_controller/u_cpu_rules/u_history_valid_counter/u_hist_ctr/seg_OBUF[6]_inst_i_15_n_0
    SLICE_X6Y24          LUT5 (Prop_lut5_I3_O)        0.124    11.127 r  u_controller/u_cpu_rules/u_history_valid_counter/u_hist_ctr/seg_OBUF[6]_inst_i_12/O
                         net (fo=7, routed)           0.488    11.615    u_mux/u2/sel[1]
    SLICE_X6Y24          LUT6 (Prop_lut6_I0_O)        0.124    11.739 r  u_mux/u2/seg_OBUF[2]_inst_i_5/O
                         net (fo=1, routed)           0.798    12.537    u_controller/u_cpu_rules/u_history_valid_counter/u_hist_ctr/seg[6]_0[2]
    SLICE_X7Y23          LUT6 (Prop_lut6_I5_O)        0.124    12.661 r  u_controller/u_cpu_rules/u_history_valid_counter/u_hist_ctr/u_pat_mux/u_mux/seg_OBUF[2]_inst_i_1/O
                         net (fo=1, routed)           3.444    16.105    seg_OBUF[2]
    U8                   OBUF (Prop_obuf_I_O)         3.535    19.640 r  seg_OBUF[2]_inst/O
                         net (fo=0)                   0.000    19.640    seg[2]
    U8                                                                r  seg[2] (OUT)
  -------------------------------------------------------------------    -------------------

Slack:                    inf
  Source:                 u_controller/u_cpu_rules/P1_reg[1]/C
                            (rising edge-triggered cell FDPE clocked by sys_clk_pin  {rise@0.000ns fall@5.000ns period=10.000ns})
  Destination:            seg[4]
                            (output port)
  Path Group:             (none)
  Path Type:              Max at Slow Process Corner
  Data Path Delay:        14.436ns  (logic 5.647ns (39.118%)  route 8.789ns (60.882%))
  Logic Levels:           9  (LUT3=1 LUT4=1 LUT5=2 LUT6=4 OBUF=1)
  Clock Uncertainty:      0.025ns  ((TSJ^2 + TIJ^2)^1/2 + DJ) / 2 + PE
    Total System Jitter     (TSJ):    0.050ns
    Total Input Jitter      (TIJ):    0.000ns
    Discrete Jitter          (DJ):    0.000ns
    Phase Error              (PE):    0.000ns

    Location             Delay type                Incr(ns)  Path(ns)    Netlist Resource(s)
  -------------------------------------------------------------------    -------------------
                         (clock sys_clk_pin rise edge)
                                                      0.000     0.000 r  
    W5                                                0.000     0.000 r  clk (IN)
                         net (fo=0)                   0.000     0.000    clk
    W5                   IBUF (Prop_ibuf_I_O)         1.458     1.458 r  clk_IBUF_inst/O
                         net (fo=1, routed)           1.967     3.425    clk_IBUF
    BUFGCTRL_X0Y0        BUFG (Prop_bufg_I_O)         0.096     3.521 r  clk_IBUF_BUFG_inst/O
                         net (fo=269, routed)         1.625     5.146    u_controller/u_cpu_rules/CLK
    SLICE_X2Y20          FDPE                                         r  u_controller/u_cpu_rules/P1_reg[1]/C
  -------------------------------------------------------------------    -------------------
    SLICE_X2Y20          FDPE (Prop_fdpe_C_Q)         0.478     5.624 f  u_controller/u_cpu_rules/P1_reg[1]/Q
                         net (fo=22, routed)          1.001     6.626    u_controller/u_cpu_rules/P1[1]
    SLICE_X2Y19          LUT4 (Prop_lut4_I0_O)        0.323     6.949 r  u_controller/u_cpu_rules/tie_mask_r[2]_i_9/O
                         net (fo=11, routed)          0.442     7.391    u_controller/u_cpu_rules/tie_mask_r[2]_i_9_n_0
    SLICE_X3Y21          LUT6 (Prop_lut6_I5_O)        0.348     7.739 f  u_controller/u_cpu_rules/player_hp_prev1[2]_i_7/O
                         net (fo=1, routed)           0.263     8.002    u_controller/u_cpu_rules/u_history_valid_counter/u_hist_ctr/player_hp_prev1[2]_i_4_0
    SLICE_X3Y21          LUT3 (Prop_lut3_I2_O)        0.124     8.126 r  u_controller/u_cpu_rules/u_history_valid_counter/u_hist_ctr/player_hp_prev1[2]_i_6/O
                         net (fo=2, routed)           0.727     8.853    u_controller/u_cpu_rules/u_history_valid_counter/u_hist_ctr/player_hp_prev1[2]_i_6_n_0
    SLICE_X5Y20          LUT5 (Prop_lut5_I4_O)        0.150     9.003 f  u_controller/u_cpu_rules/u_history_valid_counter/u_hist_ctr/player_hp_prev1[2]_i_4/O
                         net (fo=12, routed)          0.924     9.927    u_controller/u_cpu_rules/u_history_valid_counter/u_hist_ctr/player_hp_prev1[2]_i_4_n_0
    SLICE_X6Y23          LUT6 (Prop_lut6_I5_O)        0.332    10.259 r  u_controller/u_cpu_rules/u_history_valid_counter/u_hist_ctr/seg_OBUF[6]_inst_i_16/O
                         net (fo=1, routed)           0.796    11.055    u_controller/u_cpu_rules/u_history_valid_counter/u_hist_ctr/seg_OBUF[6]_inst_i_16_n_0
    SLICE_X6Y24          LUT5 (Prop_lut5_I3_O)        0.124    11.179 r  u_controller/u_cpu_rules/u_history_valid_counter/u_hist_ctr/seg_OBUF[6]_inst_i_14/O
                         net (fo=7, routed)           0.986    12.164    u_mux/u2/sel[2]
    SLICE_X4Y23          LUT6 (Prop_lut6_I3_O)        0.124    12.288 r  u_mux/u2/seg_OBUF[4]_inst_i_5/O
                         net (fo=1, routed)           0.159    12.447    u_controller/u_cpu_rules/u_history_valid_counter/u_hist_ctr/seg[6]_0[4]
    SLICE_X4Y23          LUT6 (Prop_lut6_I5_O)        0.124    12.571 r  u_controller/u_cpu_rules/u_history_valid_counter/u_hist_ctr/u_pat_mux/u_mux/seg_OBUF[4]_inst_i_1/O
                         net (fo=1, routed)           3.491    16.062    seg_OBUF[4]
    U5                   OBUF (Prop_obuf_I_O)         3.520    19.582 r  seg_OBUF[4]_inst/O
                         net (fo=0)                   0.000    19.582    seg[4]
    U5                                                                r  seg[4] (OUT)
  -------------------------------------------------------------------    -------------------

Slack:                    inf
  Source:                 u_scan/scan_idx_reg[1]/C
                            (rising edge-triggered cell FDCE clocked by sys_clk_pin  {rise@0.000ns fall@5.000ns period=10.000ns})
  Destination:            an[0]
                            (output port)
  Path Group:             (none)
  Path Type:              Max at Slow Process Corner
  Data Path Delay:        8.449ns  (logic 4.457ns (52.748%)  route 3.993ns (47.252%))
  Logic Levels:           2  (LUT2=1 OBUF=1)
  Clock Uncertainty:      0.025ns  ((TSJ^2 + TIJ^2)^1/2 + DJ) / 2 + PE
    Total System Jitter     (TSJ):    0.050ns
    Total Input Jitter      (TIJ):    0.000ns
    Discrete Jitter          (DJ):    0.000ns
    Phase Error              (PE):    0.000ns

    Location             Delay type                Incr(ns)  Path(ns)    Netlist Resource(s)
  -------------------------------------------------------------------    -------------------
                         (clock sys_clk_pin rise edge)
                                                      0.000     0.000 r  
    W5                                                0.000     0.000 r  clk (IN)
                         net (fo=0)                   0.000     0.000    clk
    W5                   IBUF (Prop_ibuf_I_O)         1.458     1.458 r  clk_IBUF_inst/O
                         net (fo=1, routed)           1.967     3.425    clk_IBUF
    BUFGCTRL_X0Y0        BUFG (Prop_bufg_I_O)         0.096     3.521 r  clk_IBUF_BUFG_inst/O
                         net (fo=269, routed)         1.552     5.073    u_scan/CLK
    SLICE_X9Y27          FDCE                                         r  u_scan/scan_idx_reg[1]/C
  -------------------------------------------------------------------    -------------------
    SLICE_X9Y27          FDCE (Prop_fdce_C_Q)         0.419     5.492 r  u_scan/scan_idx_reg[1]/Q
                         net (fo=12, routed)          0.889     6.382    u_scan/u_an_mux/u_mux/an[2]
    SLICE_X9Y27          LUT2 (Prop_lut2_I1_O)        0.327     6.709 r  u_scan/u_an_mux/u_mux/an_OBUF[0]_inst_i_1/O
                         net (fo=1, routed)           3.103     9.812    an_OBUF[0]
    U2                   OBUF (Prop_obuf_I_O)         3.711    13.523 r  an_OBUF[0]_inst/O
                         net (fo=0)                   0.000    13.523    an[0]
    U2                                                                r  an[0] (OUT)
  -------------------------------------------------------------------    -------------------

Slack:                    inf
  Source:                 u_scan/scan_idx_reg[1]/C
                            (rising edge-triggered cell FDCE clocked by sys_clk_pin  {rise@0.000ns fall@5.000ns period=10.000ns})
  Destination:            an[1]
                            (output port)
  Path Group:             (none)
  Path Type:              Max at Slow Process Corner
  Data Path Delay:        8.301ns  (logic 4.217ns (50.800%)  route 4.084ns (49.200%))
  Logic Levels:           2  (LUT2=1 OBUF=1)
  Clock Uncertainty:      0.025ns  ((TSJ^2 + TIJ^2)^1/2 + DJ) / 2 + PE
    Total System Jitter     (TSJ):    0.050ns
    Total Input Jitter      (TIJ):    0.000ns
    Discrete Jitter          (DJ):    0.000ns
    Phase Error              (PE):    0.000ns

    Location             Delay type                Incr(ns)  Path(ns)    Netlist Resource(s)
  -------------------------------------------------------------------    -------------------
                         (clock sys_clk_pin rise edge)
                                                      0.000     0.000 r  
    W5                                                0.000     0.000 r  clk (IN)
                         net (fo=0)                   0.000     0.000    clk
    W5                   IBUF (Prop_ibuf_I_O)         1.458     1.458 r  clk_IBUF_inst/O
                         net (fo=1, routed)           1.967     3.425    clk_IBUF
    BUFGCTRL_X0Y0        BUFG (Prop_bufg_I_O)         0.096     3.521 r  clk_IBUF_BUFG_inst/O
                         net (fo=269, routed)         1.552     5.073    u_scan/CLK
    SLICE_X9Y27          FDCE                                         r  u_scan/scan_idx_reg[1]/C
  -------------------------------------------------------------------    -------------------
    SLICE_X9Y27          FDCE (Prop_fdce_C_Q)         0.419     5.492 r  u_scan/scan_idx_reg[1]/Q
                         net (fo=12, routed)          0.889     6.382    u_scan/u_an_mux/u_mux/an[2]
    SLICE_X9Y27          LUT2 (Prop_lut2_I1_O)        0.299     6.681 r  u_scan/u_an_mux/u_mux/an_OBUF[1]_inst_i_1/O
                         net (fo=1, routed)           3.195     9.876    an_OBUF[1]
    U4                   OBUF (Prop_obuf_I_O)         3.499    13.375 r  an_OBUF[1]_inst/O
                         net (fo=0)                   0.000    13.375    an[1]
    U4                                                                r  an[1] (OUT)
  -------------------------------------------------------------------    -------------------

Slack:                    inf
  Source:                 u_scan/scan_idx_reg[1]/C
                            (rising edge-triggered cell FDCE clocked by sys_clk_pin  {rise@0.000ns fall@5.000ns period=10.000ns})
  Destination:            an[3]
                            (output port)
  Path Group:             (none)
  Path Type:              Max at Slow Process Corner
  Data Path Delay:        8.264ns  (logic 4.460ns (53.971%)  route 3.804ns (46.029%))
  Logic Levels:           2  (LUT2=1 OBUF=1)
  Clock Uncertainty:      0.025ns  ((TSJ^2 + TIJ^2)^1/2 + DJ) / 2 + PE
    Total System Jitter     (TSJ):    0.050ns
    Total Input Jitter      (TIJ):    0.000ns
    Discrete Jitter          (DJ):    0.000ns
    Phase Error              (PE):    0.000ns

    Location             Delay type                Incr(ns)  Path(ns)    Netlist Resource(s)
  -------------------------------------------------------------------    -------------------
                         (clock sys_clk_pin rise edge)
                                                      0.000     0.000 r  
    W5                                                0.000     0.000 r  clk (IN)
                         net (fo=0)                   0.000     0.000    clk
    W5                   IBUF (Prop_ibuf_I_O)         1.458     1.458 r  clk_IBUF_inst/O
                         net (fo=1, routed)           1.967     3.425    clk_IBUF
    BUFGCTRL_X0Y0        BUFG (Prop_bufg_I_O)         0.096     3.521 r  clk_IBUF_BUFG_inst/O
                         net (fo=269, routed)         1.552     5.073    u_scan/CLK
    SLICE_X9Y27          FDCE                                         r  u_scan/scan_idx_reg[1]/C
  -------------------------------------------------------------------    -------------------
    SLICE_X9Y27          FDCE (Prop_fdce_C_Q)         0.419     5.492 f  u_scan/scan_idx_reg[1]/Q
                         net (fo=12, routed)          0.463     5.956    u_scan/u_an_mux/u_mux/an[2]
    SLICE_X9Y27          LUT2 (Prop_lut2_I1_O)        0.328     6.284 r  u_scan/u_an_mux/u_mux/an_OBUF[3]_inst_i_1/O
                         net (fo=1, routed)           3.341     9.624    an_OBUF[3]
    W4                   OBUF (Prop_obuf_I_O)         3.713    13.338 r  an_OBUF[3]_inst/O
                         net (fo=0)                   0.000    13.338    an[3]
    W4                                                                r  an[3] (OUT)
  -------------------------------------------------------------------    -------------------





Min Delay Paths
--------------------------------------------------------------------------------------
Slack:                    inf
  Source:                 u_controller/player_hp_reg[2]/C
                            (rising edge-triggered cell FDCE clocked by sys_clk_pin  {rise@0.000ns fall@5.000ns period=10.000ns})
  Destination:            led[2]
                            (output port)
  Path Group:             (none)
  Path Type:              Min at Fast Process Corner
  Data Path Delay:        1.871ns  (logic 1.343ns (71.769%)  route 0.528ns (28.231%))
  Logic Levels:           1  (OBUF=1)
  Clock Uncertainty:      0.025ns  ((TSJ^2 + TIJ^2)^1/2 + DJ) / 2 + PE
    Total System Jitter     (TSJ):    0.050ns
    Total Input Jitter      (TIJ):    0.000ns
    Discrete Jitter          (DJ):    0.000ns
    Phase Error              (PE):    0.000ns

    Location             Delay type                Incr(ns)  Path(ns)    Netlist Resource(s)
  -------------------------------------------------------------------    -------------------
                         (clock sys_clk_pin rise edge)
                                                      0.000     0.000 r  
    W5                                                0.000     0.000 r  clk (IN)
                         net (fo=0)                   0.000     0.000    clk
    W5                   IBUF (Prop_ibuf_I_O)         0.226     0.226 r  clk_IBUF_inst/O
                         net (fo=1, routed)           0.631     0.858    clk_IBUF
    BUFGCTRL_X0Y0        BUFG (Prop_bufg_I_O)         0.026     0.884 r  clk_IBUF_BUFG_inst/O
                         net (fo=269, routed)         0.583     1.466    u_controller/CLK
    SLICE_X4Y22          FDCE                                         r  u_controller/player_hp_reg[2]/C
  -------------------------------------------------------------------    -------------------
    SLICE_X4Y22          FDCE (Prop_fdce_C_Q)         0.141     1.607 r  u_controller/player_hp_reg[2]/Q
                         net (fo=25, routed)          0.528     2.135    led_OBUF[2]
    U19                  OBUF (Prop_obuf_I_O)         1.202     3.338 r  led_OBUF[2]_inst/O
                         net (fo=0)                   0.000     3.338    led[2]
    U19                                                               r  led[2] (OUT)
  -------------------------------------------------------------------    -------------------

Slack:                    inf
  Source:                 u_controller/player_hp_reg[3]/C
                            (rising edge-triggered cell FDPE clocked by sys_clk_pin  {rise@0.000ns fall@5.000ns period=10.000ns})
  Destination:            led[3]
                            (output port)
  Path Group:             (none)
  Path Type:              Min at Fast Process Corner
  Data Path Delay:        1.900ns  (logic 1.391ns (73.230%)  route 0.509ns (26.770%))
  Logic Levels:           1  (OBUF=1)
  Clock Uncertainty:      0.025ns  ((TSJ^2 + TIJ^2)^1/2 + DJ) / 2 + PE
    Total System Jitter     (TSJ):    0.050ns
    Total Input Jitter      (TIJ):    0.000ns
    Discrete Jitter          (DJ):    0.000ns
    Phase Error              (PE):    0.000ns

    Location             Delay type                Incr(ns)  Path(ns)    Netlist Resource(s)
  -------------------------------------------------------------------    -------------------
                         (clock sys_clk_pin rise edge)
                                                      0.000     0.000 r  
    W5                                                0.000     0.000 r  clk (IN)
                         net (fo=0)                   0.000     0.000    clk
    W5                   IBUF (Prop_ibuf_I_O)         0.226     0.226 r  clk_IBUF_inst/O
                         net (fo=1, routed)           0.631     0.858    clk_IBUF
    BUFGCTRL_X0Y0        BUFG (Prop_bufg_I_O)         0.026     0.884 r  clk_IBUF_BUFG_inst/O
                         net (fo=269, routed)         0.583     1.466    u_controller/CLK
    SLICE_X4Y21          FDPE                                         r  u_controller/player_hp_reg[3]/C
  -------------------------------------------------------------------    -------------------
    SLICE_X4Y21          FDPE (Prop_fdpe_C_Q)         0.128     1.594 r  u_controller/player_hp_reg[3]/Q
                         net (fo=18, routed)          0.509     2.103    led_OBUF[3]
    V19                  OBUF (Prop_obuf_I_O)         1.263     3.366 r  led_OBUF[3]_inst/O
                         net (fo=0)                   0.000     3.366    led[3]
    V19                                                               r  led[3] (OUT)
  -------------------------------------------------------------------    -------------------

Slack:                    inf
  Source:                 u_controller/cpu_hp_reg[0]/C
                            (rising edge-triggered cell FDPE clocked by sys_clk_pin  {rise@0.000ns fall@5.000ns period=10.000ns})
  Destination:            led[4]
                            (output port)
  Path Group:             (none)
  Path Type:              Min at Fast Process Corner
  Data Path Delay:        1.990ns  (logic 1.351ns (67.886%)  route 0.639ns (32.114%))
  Logic Levels:           1  (OBUF=1)
  Clock Uncertainty:      0.025ns  ((TSJ^2 + TIJ^2)^1/2 + DJ) / 2 + PE
    Total System Jitter     (TSJ):    0.050ns
    Total Input Jitter      (TIJ):    0.000ns
    Discrete Jitter          (DJ):    0.000ns
    Phase Error              (PE):    0.000ns

    Location             Delay type                Incr(ns)  Path(ns)    Netlist Resource(s)
  -------------------------------------------------------------------    -------------------
                         (clock sys_clk_pin rise edge)
                                                      0.000     0.000 r  
    W5                                                0.000     0.000 r  clk (IN)
                         net (fo=0)                   0.000     0.000    clk
    W5                   IBUF (Prop_ibuf_I_O)         0.226     0.226 r  clk_IBUF_inst/O
                         net (fo=1, routed)           0.631     0.858    clk_IBUF
    BUFGCTRL_X0Y0        BUFG (Prop_bufg_I_O)         0.026     0.884 r  clk_IBUF_BUFG_inst/O
                         net (fo=269, routed)         0.585     1.468    u_controller/CLK
    SLICE_X1Y21          FDPE                                         r  u_controller/cpu_hp_reg[0]/C
  -------------------------------------------------------------------    -------------------
    SLICE_X1Y21          FDPE (Prop_fdpe_C_Q)         0.141     1.609 r  u_controller/cpu_hp_reg[0]/Q
                         net (fo=18, routed)          0.639     2.248    led_OBUF[4]
    W18                  OBUF (Prop_obuf_I_O)         1.210     3.458 r  led_OBUF[4]_inst/O
                         net (fo=0)                   0.000     3.458    led[4]
    W18                                                               r  led[4] (OUT)
  -------------------------------------------------------------------    -------------------

Slack:                    inf
  Source:                 u_controller/cpu_hp_reg[1]/C
                            (rising edge-triggered cell FDCE clocked by sys_clk_pin  {rise@0.000ns fall@5.000ns period=10.000ns})
  Destination:            led[5]
                            (output port)
  Path Group:             (none)
  Path Type:              Min at Fast Process Corner
  Data Path Delay:        1.990ns  (logic 1.357ns (68.162%)  route 0.634ns (31.838%))
  Logic Levels:           1  (OBUF=1)
  Clock Uncertainty:      0.025ns  ((TSJ^2 + TIJ^2)^1/2 + DJ) / 2 + PE
    Total System Jitter     (TSJ):    0.050ns
    Total Input Jitter      (TIJ):    0.000ns
    Discrete Jitter          (DJ):    0.000ns
    Phase Error              (PE):    0.000ns

    Location             Delay type                Incr(ns)  Path(ns)    Netlist Resource(s)
  -------------------------------------------------------------------    -------------------
                         (clock sys_clk_pin rise edge)
                                                      0.000     0.000 r  
    W5                                                0.000     0.000 r  clk (IN)
                         net (fo=0)                   0.000     0.000    clk
    W5                   IBUF (Prop_ibuf_I_O)         0.226     0.226 r  clk_IBUF_inst/O
                         net (fo=1, routed)           0.631     0.858    clk_IBUF
    BUFGCTRL_X0Y0        BUFG (Prop_bufg_I_O)         0.026     0.884 r  clk_IBUF_BUFG_inst/O
                         net (fo=269, routed)         0.587     1.470    u_controller/CLK
    SLICE_X1Y19          FDCE                                         r  u_controller/cpu_hp_reg[1]/C
  -------------------------------------------------------------------    -------------------
    SLICE_X1Y19          FDCE (Prop_fdce_C_Q)         0.141     1.611 r  u_controller/cpu_hp_reg[1]/Q
                         net (fo=16, routed)          0.634     2.245    led_OBUF[5]
    U15                  OBUF (Prop_obuf_I_O)         1.216     3.460 r  led_OBUF[5]_inst/O
                         net (fo=0)                   0.000     3.460    led[5]
    U15                                                               r  led[5] (OUT)
  -------------------------------------------------------------------    -------------------

Slack:                    inf
  Source:                 u_controller/cpu_hp_reg[3]/C
                            (rising edge-triggered cell FDPE clocked by sys_clk_pin  {rise@0.000ns fall@5.000ns period=10.000ns})
  Destination:            led[7]
                            (output port)
  Path Group:             (none)
  Path Type:              Min at Fast Process Corner
  Data Path Delay:        2.027ns  (logic 1.343ns (66.246%)  route 0.684ns (33.754%))
  Logic Levels:           1  (OBUF=1)
  Clock Uncertainty:      0.025ns  ((TSJ^2 + TIJ^2)^1/2 + DJ) / 2 + PE
    Total System Jitter     (TSJ):    0.050ns
    Total Input Jitter      (TIJ):    0.000ns
    Discrete Jitter          (DJ):    0.000ns
    Phase Error              (PE):    0.000ns

    Location             Delay type                Incr(ns)  Path(ns)    Netlist Resource(s)
  -------------------------------------------------------------------    -------------------
                         (clock sys_clk_pin rise edge)
                                                      0.000     0.000 r  
    W5                                                0.000     0.000 r  clk (IN)
                         net (fo=0)                   0.000     0.000    clk
    W5                   IBUF (Prop_ibuf_I_O)         0.226     0.226 r  clk_IBUF_inst/O
                         net (fo=1, routed)           0.631     0.858    clk_IBUF
    BUFGCTRL_X0Y0        BUFG (Prop_bufg_I_O)         0.026     0.884 r  clk_IBUF_BUFG_inst/O
                         net (fo=269, routed)         0.585     1.468    u_controller/CLK
    SLICE_X1Y21          FDPE                                         r  u_controller/cpu_hp_reg[3]/C
  -------------------------------------------------------------------    -------------------
    SLICE_X1Y21          FDPE (Prop_fdpe_C_Q)         0.141     1.609 r  u_controller/cpu_hp_reg[3]/Q
                         net (fo=27, routed)          0.684     2.293    led_OBUF[7]
    V14                  OBUF (Prop_obuf_I_O)         1.202     3.495 r  led_OBUF[7]_inst/O
                         net (fo=0)                   0.000     3.495    led[7]
    V14                                                               r  led[7] (OUT)
  -------------------------------------------------------------------    -------------------

Slack:                    inf
  Source:                 u_controller/player_hp_reg[0]/C
                            (rising edge-triggered cell FDPE clocked by sys_clk_pin  {rise@0.000ns fall@5.000ns period=10.000ns})
  Destination:            led[0]
                            (output port)
  Path Group:             (none)
  Path Type:              Min at Fast Process Corner
  Data Path Delay:        2.074ns  (logic 1.347ns (64.943%)  route 0.727ns (35.057%))
  Logic Levels:           1  (OBUF=1)
  Clock Uncertainty:      0.025ns  ((TSJ^2 + TIJ^2)^1/2 + DJ) / 2 + PE
    Total System Jitter     (TSJ):    0.050ns
    Total Input Jitter      (TIJ):    0.000ns
    Discrete Jitter          (DJ):    0.000ns
    Phase Error              (PE):    0.000ns

    Location             Delay type                Incr(ns)  Path(ns)    Netlist Resource(s)
  -------------------------------------------------------------------    -------------------
                         (clock sys_clk_pin rise edge)
                                                      0.000     0.000 r  
    W5                                                0.000     0.000 r  clk (IN)
                         net (fo=0)                   0.000     0.000    clk
    W5                   IBUF (Prop_ibuf_I_O)         0.226     0.226 r  clk_IBUF_inst/O
                         net (fo=1, routed)           0.631     0.858    clk_IBUF
    BUFGCTRL_X0Y0        BUFG (Prop_bufg_I_O)         0.026     0.884 r  clk_IBUF_BUFG_inst/O
                         net (fo=269, routed)         0.583     1.466    u_controller/CLK
    SLICE_X4Y21          FDPE                                         r  u_controller/player_hp_reg[0]/C
  -------------------------------------------------------------------    -------------------
    SLICE_X4Y21          FDPE (Prop_fdpe_C_Q)         0.141     1.607 r  u_controller/player_hp_reg[0]/Q
                         net (fo=11, routed)          0.727     2.334    led_OBUF[0]
    U16                  OBUF (Prop_obuf_I_O)         1.206     3.540 r  led_OBUF[0]_inst/O
                         net (fo=0)                   0.000     3.540    led[0]
    U16                                                               r  led[0] (OUT)
  -------------------------------------------------------------------    -------------------

Slack:                    inf
  Source:                 u_controller/player_hp_reg[1]/C
                            (rising edge-triggered cell FDCE clocked by sys_clk_pin  {rise@0.000ns fall@5.000ns period=10.000ns})
  Destination:            led[1]
                            (output port)
  Path Group:             (none)
  Path Type:              Min at Fast Process Corner
  Data Path Delay:        2.284ns  (logic 1.372ns (60.061%)  route 0.912ns (39.939%))
  Logic Levels:           1  (OBUF=1)
  Clock Uncertainty:      0.025ns  ((TSJ^2 + TIJ^2)^1/2 + DJ) / 2 + PE
    Total System Jitter     (TSJ):    0.050ns
    Total Input Jitter      (TIJ):    0.000ns
    Discrete Jitter          (DJ):    0.000ns
    Phase Error              (PE):    0.000ns

    Location             Delay type                Incr(ns)  Path(ns)    Netlist Resource(s)
  -------------------------------------------------------------------    -------------------
                         (clock sys_clk_pin rise edge)
                                                      0.000     0.000 r  
    W5                                                0.000     0.000 r  clk (IN)
                         net (fo=0)                   0.000     0.000    clk
    W5                   IBUF (Prop_ibuf_I_O)         0.226     0.226 r  clk_IBUF_inst/O
                         net (fo=1, routed)           0.631     0.858    clk_IBUF
    BUFGCTRL_X0Y0        BUFG (Prop_bufg_I_O)         0.026     0.884 r  clk_IBUF_BUFG_inst/O
                         net (fo=269, routed)         0.583     1.466    u_controller/CLK
    SLICE_X4Y21          FDCE                                         r  u_controller/player_hp_reg[1]/C
  -------------------------------------------------------------------    -------------------
    SLICE_X4Y21          FDCE (Prop_fdce_C_Q)         0.141     1.607 r  u_controller/player_hp_reg[1]/Q
                         net (fo=12, routed)          0.912     2.519    led_OBUF[1]
    E19                  OBUF (Prop_obuf_I_O)         1.231     3.750 r  led_OBUF[1]_inst/O
                         net (fo=0)                   0.000     3.750    led[1]
    E19                                                               r  led[1] (OUT)
  -------------------------------------------------------------------    -------------------

Slack:                    inf
  Source:                 u_controller/running_reg/C
                            (rising edge-triggered cell FDCE clocked by sys_clk_pin  {rise@0.000ns fall@5.000ns period=10.000ns})
  Destination:            led[8]
                            (output port)
  Path Group:             (none)
  Path Type:              Min at Fast Process Corner
  Data Path Delay:        2.316ns  (logic 1.346ns (58.134%)  route 0.969ns (41.866%))
  Logic Levels:           1  (OBUF=1)
  Clock Uncertainty:      0.025ns  ((TSJ^2 + TIJ^2)^1/2 + DJ) / 2 + PE
    Total System Jitter     (TSJ):    0.050ns
    Total Input Jitter      (TIJ):    0.000ns
    Discrete Jitter          (DJ):    0.000ns
    Phase Error              (PE):    0.000ns

    Location             Delay type                Incr(ns)  Path(ns)    Netlist Resource(s)
  -------------------------------------------------------------------    -------------------
                         (clock sys_clk_pin rise edge)
                                                      0.000     0.000 r  
    W5                                                0.000     0.000 r  clk (IN)
                         net (fo=0)                   0.000     0.000    clk
    W5                   IBUF (Prop_ibuf_I_O)         0.226     0.226 r  clk_IBUF_inst/O
                         net (fo=1, routed)           0.631     0.858    clk_IBUF
    BUFGCTRL_X0Y0        BUFG (Prop_bufg_I_O)         0.026     0.884 r  clk_IBUF_BUFG_inst/O
                         net (fo=269, routed)         0.583     1.466    u_controller/CLK
    SLICE_X5Y21          FDCE                                         r  u_controller/running_reg/C
  -------------------------------------------------------------------    -------------------
    SLICE_X5Y21          FDCE (Prop_fdce_C_Q)         0.141     1.607 r  u_controller/running_reg/Q
                         net (fo=11, routed)          0.969     2.577    led_OBUF[8]
    V13                  OBUF (Prop_obuf_I_O)         1.205     3.782 r  led_OBUF[8]_inst/O
                         net (fo=0)                   0.000     3.782    led[8]
    V13                                                               r  led[8] (OUT)
  -------------------------------------------------------------------    -------------------

Slack:                    inf
  Source:                 u_controller/cpu_hp_reg[2]/C
                            (rising edge-triggered cell FDCE clocked by sys_clk_pin  {rise@0.000ns fall@5.000ns period=10.000ns})
  Destination:            led[6]
                            (output port)
  Path Group:             (none)
  Path Type:              Min at Fast Process Corner
  Data Path Delay:        2.436ns  (logic 1.389ns (57.035%)  route 1.047ns (42.965%))
  Logic Levels:           1  (OBUF=1)
  Clock Uncertainty:      0.025ns  ((TSJ^2 + TIJ^2)^1/2 + DJ) / 2 + PE
    Total System Jitter     (TSJ):    0.050ns
    Total Input Jitter      (TIJ):    0.000ns
    Discrete Jitter          (DJ):    0.000ns
    Phase Error              (PE):    0.000ns

    Location             Delay type                Incr(ns)  Path(ns)    Netlist Resource(s)
  -------------------------------------------------------------------    -------------------
                         (clock sys_clk_pin rise edge)
                                                      0.000     0.000 r  
    W5                                                0.000     0.000 r  clk (IN)
                         net (fo=0)                   0.000     0.000    clk
    W5                   IBUF (Prop_ibuf_I_O)         0.226     0.226 r  clk_IBUF_inst/O
                         net (fo=1, routed)           0.631     0.858    clk_IBUF
    BUFGCTRL_X0Y0        BUFG (Prop_bufg_I_O)         0.026     0.884 r  clk_IBUF_BUFG_inst/O
                         net (fo=269, routed)         0.585     1.468    u_controller/CLK
    SLICE_X1Y21          FDCE                                         r  u_controller/cpu_hp_reg[2]/C
  -------------------------------------------------------------------    -------------------
    SLICE_X1Y21          FDCE (Prop_fdce_C_Q)         0.128     1.596 r  u_controller/cpu_hp_reg[2]/Q
                         net (fo=23, routed)          1.047     2.643    led_OBUF[6]
    U14                  OBUF (Prop_obuf_I_O)         1.261     3.904 r  led_OBUF[6]_inst/O
                         net (fo=0)                   0.000     3.904    led[6]
    U14                                                               r  led[6] (OUT)
  -------------------------------------------------------------------    -------------------

Slack:                    inf
  Source:                 u_scan/scan_idx_reg[0]/C
                            (rising edge-triggered cell FDCE clocked by sys_clk_pin  {rise@0.000ns fall@5.000ns period=10.000ns})
  Destination:            an[1]
                            (output port)
  Path Group:             (none)
  Path Type:              Min at Fast Process Corner
  Data Path Delay:        2.677ns  (logic 1.386ns (51.791%)  route 1.290ns (48.209%))
  Logic Levels:           2  (LUT2=1 OBUF=1)
  Clock Uncertainty:      0.025ns  ((TSJ^2 + TIJ^2)^1/2 + DJ) / 2 + PE
    Total System Jitter     (TSJ):    0.050ns
    Total Input Jitter      (TIJ):    0.000ns
    Discrete Jitter          (DJ):    0.000ns
    Phase Error              (PE):    0.000ns

    Location             Delay type                Incr(ns)  Path(ns)    Netlist Resource(s)
  -------------------------------------------------------------------    -------------------
                         (clock sys_clk_pin rise edge)
                                                      0.000     0.000 r  
    W5                                                0.000     0.000 r  clk (IN)
                         net (fo=0)                   0.000     0.000    clk
    W5                   IBUF (Prop_ibuf_I_O)         0.226     0.226 r  clk_IBUF_inst/O
                         net (fo=1, routed)           0.631     0.858    clk_IBUF
    BUFGCTRL_X0Y0        BUFG (Prop_bufg_I_O)         0.026     0.884 r  clk_IBUF_BUFG_inst/O
                         net (fo=269, routed)         0.556     1.439    u_scan/CLK
    SLICE_X9Y27          FDCE                                         r  u_scan/scan_idx_reg[0]/C
  -------------------------------------------------------------------    -------------------
    SLICE_X9Y27          FDCE (Prop_fdce_C_Q)         0.141     1.580 f  u_scan/scan_idx_reg[0]/Q
                         net (fo=13, routed)          0.182     1.763    u_scan/u_an_mux/u_mux/an[2]_0
    SLICE_X9Y27          LUT2 (Prop_lut2_I0_O)        0.045     1.808 r  u_scan/u_an_mux/u_mux/an_OBUF[1]_inst_i_1/O
                         net (fo=1, routed)           1.108     2.916    an_OBUF[1]
    U4                   OBUF (Prop_obuf_I_O)         1.200     4.116 r  an_OBUF[1]_inst/O
                         net (fo=0)                   0.000     4.116    an[1]
    U4                                                                r  an[1] (OUT)
  -------------------------------------------------------------------    -------------------





--------------------------------------------------------------------------------------
Path Group:  (none)
From Clock:  
  To Clock:  sys_clk_pin

Max Delay           274 Endpoints
Min Delay           274 Endpoints
--------------------------------------------------------------------------------------


Max Delay Paths
--------------------------------------------------------------------------------------
Slack:                    inf
  Source:                 sw[15]
                            (input port)
  Destination:            u_db_l/cnt_reg[5]/CLR
                            (recovery check against rising-edge clock sys_clk_pin  {rise@0.000ns fall@5.000ns period=10.000ns})
  Path Group:             (none)
  Path Type:              Recovery (Max at Slow Process Corner)
  Data Path Delay:        8.808ns  (logic 1.456ns (16.533%)  route 7.352ns (83.467%))
  Logic Levels:           1  (IBUF=1)
  Clock Path Skew:        4.784ns (DCD - SCD + CPR)
    Destination Clock Delay (DCD):    4.784ns
    Source Clock Delay      (SCD):    0.000ns
    Clock Pessimism Removal (CPR):    0.000ns
  Clock Uncertainty:      0.025ns  ((TSJ^2 + TIJ^2)^1/2 + DJ) / 2 + PE
    Total System Jitter     (TSJ):    0.050ns
    Total Input Jitter      (TIJ):    0.000ns
    Discrete Jitter          (DJ):    0.000ns
    Phase Error              (PE):    0.000ns

    Location             Delay type                Incr(ns)  Path(ns)    Netlist Resource(s)
  -------------------------------------------------------------------    -------------------
    R2                                                0.000     0.000 f  sw[15] (IN)
                         net (fo=0)                   0.000     0.000    sw[15]
    R2                   IBUF (Prop_ibuf_I_O)         1.456     1.456 f  sw_IBUF[15]_inst/O
                         net (fo=269, routed)         7.352     8.808    u_db_l/AR[0]
    SLICE_X14Y16         FDCE                                         f  u_db_l/cnt_reg[5]/CLR
  -------------------------------------------------------------------    -------------------

                         (clock sys_clk_pin rise edge)
                                                      0.000     0.000 r  
    W5                                                0.000     0.000 r  clk (IN)
                         net (fo=0)                   0.000     0.000    clk
    W5                   IBUF (Prop_ibuf_I_O)         1.388     1.388 r  clk_IBUF_inst/O
                         net (fo=1, routed)           1.862     3.250    clk_IBUF
    BUFGCTRL_X0Y0        BUFG (Prop_bufg_I_O)         0.091     3.341 r  clk_IBUF_BUFG_inst/O
                         net (fo=269, routed)         1.443     4.784    u_db_l/CLK
    SLICE_X14Y16         FDCE                                         r  u_db_l/cnt_reg[5]/C

Slack:                    inf
  Source:                 sw[15]
                            (input port)
  Destination:            u_db_l/cnt_reg[6]/CLR
                            (recovery check against rising-edge clock sys_clk_pin  {rise@0.000ns fall@5.000ns period=10.000ns})
  Path Group:             (none)
  Path Type:              Recovery (Max at Slow Process Corner)
  Data Path Delay:        8.808ns  (logic 1.456ns (16.533%)  route 7.352ns (83.467%))
  Logic Levels:           1  (IBUF=1)
  Clock Path Skew:        4.784ns (DCD - SCD + CPR)
    Destination Clock Delay (DCD):    4.784ns
    Source Clock Delay      (SCD):    0.000ns
    Clock Pessimism Removal (CPR):    0.000ns
  Clock Uncertainty:      0.025ns  ((TSJ^2 + TIJ^2)^1/2 + DJ) / 2 + PE
    Total System Jitter     (TSJ):    0.050ns
    Total Input Jitter      (TIJ):    0.000ns
    Discrete Jitter          (DJ):    0.000ns
    Phase Error              (PE):    0.000ns

    Location             Delay type                Incr(ns)  Path(ns)    Netlist Resource(s)
  -------------------------------------------------------------------    -------------------
    R2                                                0.000     0.000 f  sw[15] (IN)
                         net (fo=0)                   0.000     0.000    sw[15]
    R2                   IBUF (Prop_ibuf_I_O)         1.456     1.456 f  sw_IBUF[15]_inst/O
                         net (fo=269, routed)         7.352     8.808    u_db_l/AR[0]
    SLICE_X14Y16         FDCE                                         f  u_db_l/cnt_reg[6]/CLR
  -------------------------------------------------------------------    -------------------

                         (clock sys_clk_pin rise edge)
                                                      0.000     0.000 r  
    W5                                                0.000     0.000 r  clk (IN)
                         net (fo=0)                   0.000     0.000    clk
    W5                   IBUF (Prop_ibuf_I_O)         1.388     1.388 r  clk_IBUF_inst/O
                         net (fo=1, routed)           1.862     3.250    clk_IBUF
    BUFGCTRL_X0Y0        BUFG (Prop_bufg_I_O)         0.091     3.341 r  clk_IBUF_BUFG_inst/O
                         net (fo=269, routed)         1.443     4.784    u_db_l/CLK
    SLICE_X14Y16         FDCE                                         r  u_db_l/cnt_reg[6]/C

Slack:                    inf
  Source:                 sw[15]
                            (input port)
  Destination:            u_db_l/cnt_reg[7]/CLR
                            (recovery check against rising-edge clock sys_clk_pin  {rise@0.000ns fall@5.000ns period=10.000ns})
  Path Group:             (none)
  Path Type:              Recovery (Max at Slow Process Corner)
  Data Path Delay:        8.808ns  (logic 1.456ns (16.533%)  route 7.352ns (83.467%))
  Logic Levels:           1  (IBUF=1)
  Clock Path Skew:        4.784ns (DCD - SCD + CPR)
    Destination Clock Delay (DCD):    4.784ns
    Source Clock Delay      (SCD):    0.000ns
    Clock Pessimism Removal (CPR):    0.000ns
  Clock Uncertainty:      0.025ns  ((TSJ^2 + TIJ^2)^1/2 + DJ) / 2 + PE
    Total System Jitter     (TSJ):    0.050ns
    Total Input Jitter      (TIJ):    0.000ns
    Discrete Jitter          (DJ):    0.000ns
    Phase Error              (PE):    0.000ns

    Location             Delay type                Incr(ns)  Path(ns)    Netlist Resource(s)
  -------------------------------------------------------------------    -------------------
    R2                                                0.000     0.000 f  sw[15] (IN)
                         net (fo=0)                   0.000     0.000    sw[15]
    R2                   IBUF (Prop_ibuf_I_O)         1.456     1.456 f  sw_IBUF[15]_inst/O
                         net (fo=269, routed)         7.352     8.808    u_db_l/AR[0]
    SLICE_X14Y16         FDCE                                         f  u_db_l/cnt_reg[7]/CLR
  -------------------------------------------------------------------    -------------------

                         (clock sys_clk_pin rise edge)
                                                      0.000     0.000 r  
    W5                                                0.000     0.000 r  clk (IN)
                         net (fo=0)                   0.000     0.000    clk
    W5                   IBUF (Prop_ibuf_I_O)         1.388     1.388 r  clk_IBUF_inst/O
                         net (fo=1, routed)           1.862     3.250    clk_IBUF
    BUFGCTRL_X0Y0        BUFG (Prop_bufg_I_O)         0.091     3.341 r  clk_IBUF_BUFG_inst/O
                         net (fo=269, routed)         1.443     4.784    u_db_l/CLK
    SLICE_X14Y16         FDCE                                         r  u_db_l/cnt_reg[7]/C

Slack:                    inf
  Source:                 sw[15]
                            (input port)
  Destination:            u_db_l/level_reg/CLR
                            (recovery check against rising-edge clock sys_clk_pin  {rise@0.000ns fall@5.000ns period=10.000ns})
  Path Group:             (none)
  Path Type:              Recovery (Max at Slow Process Corner)
  Data Path Delay:        8.808ns  (logic 1.456ns (16.533%)  route 7.352ns (83.467%))
  Logic Levels:           1  (IBUF=1)
  Clock Path Skew:        4.784ns (DCD - SCD + CPR)
    Destination Clock Delay (DCD):    4.784ns
    Source Clock Delay      (SCD):    0.000ns
    Clock Pessimism Removal (CPR):    0.000ns
  Clock Uncertainty:      0.025ns  ((TSJ^2 + TIJ^2)^1/2 + DJ) / 2 + PE
    Total System Jitter     (TSJ):    0.050ns
    Total Input Jitter      (TIJ):    0.000ns
    Discrete Jitter          (DJ):    0.000ns
    Phase Error              (PE):    0.000ns

    Location             Delay type                Incr(ns)  Path(ns)    Netlist Resource(s)
  -------------------------------------------------------------------    -------------------
    R2                                                0.000     0.000 f  sw[15] (IN)
                         net (fo=0)                   0.000     0.000    sw[15]
    R2                   IBUF (Prop_ibuf_I_O)         1.456     1.456 f  sw_IBUF[15]_inst/O
                         net (fo=269, routed)         7.352     8.808    u_db_l/AR[0]
    SLICE_X14Y16         FDCE                                         f  u_db_l/level_reg/CLR
  -------------------------------------------------------------------    -------------------

                         (clock sys_clk_pin rise edge)
                                                      0.000     0.000 r  
    W5                                                0.000     0.000 r  clk (IN)
                         net (fo=0)                   0.000     0.000    clk
    W5                   IBUF (Prop_ibuf_I_O)         1.388     1.388 r  clk_IBUF_inst/O
                         net (fo=1, routed)           1.862     3.250    clk_IBUF
    BUFGCTRL_X0Y0        BUFG (Prop_bufg_I_O)         0.091     3.341 r  clk_IBUF_BUFG_inst/O
                         net (fo=269, routed)         1.443     4.784    u_db_l/CLK
    SLICE_X14Y16         FDCE                                         r  u_db_l/level_reg/C

Slack:                    inf
  Source:                 sw[15]
                            (input port)
  Destination:            u_db_l/cnt_reg[0]/CLR
                            (recovery check against rising-edge clock sys_clk_pin  {rise@0.000ns fall@5.000ns period=10.000ns})
  Path Group:             (none)
  Path Type:              Recovery (Max at Slow Process Corner)
  Data Path Delay:        8.670ns  (logic 1.456ns (16.796%)  route 7.213ns (83.204%))
  Logic Levels:           1  (IBUF=1)
  Clock Path Skew:        4.785ns (DCD - SCD + CPR)
    Destination Clock Delay (DCD):    4.785ns
    Source Clock Delay      (SCD):    0.000ns
    Clock Pessimism Removal (CPR):    0.000ns
  Clock Uncertainty:      0.025ns  ((TSJ^2 + TIJ^2)^1/2 + DJ) / 2 + PE
    Total System Jitter     (TSJ):    0.050ns
    Total Input Jitter      (TIJ):    0.000ns
    Discrete Jitter          (DJ):    0.000ns
    Phase Error              (PE):    0.000ns

    Location             Delay type                Incr(ns)  Path(ns)    Netlist Resource(s)
  -------------------------------------------------------------------    -------------------
    R2                                                0.000     0.000 f  sw[15] (IN)
                         net (fo=0)                   0.000     0.000    sw[15]
    R2                   IBUF (Prop_ibuf_I_O)         1.456     1.456 f  sw_IBUF[15]_inst/O
                         net (fo=269, routed)         7.213     8.670    u_db_l/AR[0]
    SLICE_X14Y15         FDCE                                         f  u_db_l/cnt_reg[0]/CLR
  -------------------------------------------------------------------    -------------------

                         (clock sys_clk_pin rise edge)
                                                      0.000     0.000 r  
    W5                                                0.000     0.000 r  clk (IN)
                         net (fo=0)                   0.000     0.000    clk
    W5                   IBUF (Prop_ibuf_I_O)         1.388     1.388 r  clk_IBUF_inst/O
                         net (fo=1, routed)           1.862     3.250    clk_IBUF
    BUFGCTRL_X0Y0        BUFG (Prop_bufg_I_O)         0.091     3.341 r  clk_IBUF_BUFG_inst/O
                         net (fo=269, routed)         1.444     4.785    u_db_l/CLK
    SLICE_X14Y15         FDCE                                         r  u_db_l/cnt_reg[0]/C

Slack:                    inf
  Source:                 sw[15]
                            (input port)
  Destination:            u_db_l/cnt_reg[1]/CLR
                            (recovery check against rising-edge clock sys_clk_pin  {rise@0.000ns fall@5.000ns period=10.000ns})
  Path Group:             (none)
  Path Type:              Recovery (Max at Slow Process Corner)
  Data Path Delay:        8.670ns  (logic 1.456ns (16.796%)  route 7.213ns (83.204%))
  Logic Levels:           1  (IBUF=1)
  Clock Path Skew:        4.785ns (DCD - SCD + CPR)
    Destination Clock Delay (DCD):    4.785ns
    Source Clock Delay      (SCD):    0.000ns
    Clock Pessimism Removal (CPR):    0.000ns
  Clock Uncertainty:      0.025ns  ((TSJ^2 + TIJ^2)^1/2 + DJ) / 2 + PE
    Total System Jitter     (TSJ):    0.050ns
    Total Input Jitter      (TIJ):    0.000ns
    Discrete Jitter          (DJ):    0.000ns
    Phase Error              (PE):    0.000ns

    Location             Delay type                Incr(ns)  Path(ns)    Netlist Resource(s)
  -------------------------------------------------------------------    -------------------
    R2                                                0.000     0.000 f  sw[15] (IN)
                         net (fo=0)                   0.000     0.000    sw[15]
    R2                   IBUF (Prop_ibuf_I_O)         1.456     1.456 f  sw_IBUF[15]_inst/O
                         net (fo=269, routed)         7.213     8.670    u_db_l/AR[0]
    SLICE_X14Y15         FDCE                                         f  u_db_l/cnt_reg[1]/CLR
  -------------------------------------------------------------------    -------------------

                         (clock sys_clk_pin rise edge)
                                                      0.000     0.000 r  
    W5                                                0.000     0.000 r  clk (IN)
                         net (fo=0)                   0.000     0.000    clk
    W5                   IBUF (Prop_ibuf_I_O)         1.388     1.388 r  clk_IBUF_inst/O
                         net (fo=1, routed)           1.862     3.250    clk_IBUF
    BUFGCTRL_X0Y0        BUFG (Prop_bufg_I_O)         0.091     3.341 r  clk_IBUF_BUFG_inst/O
                         net (fo=269, routed)         1.444     4.785    u_db_l/CLK
    SLICE_X14Y15         FDCE                                         r  u_db_l/cnt_reg[1]/C

Slack:                    inf
  Source:                 sw[15]
                            (input port)
  Destination:            u_db_l/cnt_reg[2]/CLR
                            (recovery check against rising-edge clock sys_clk_pin  {rise@0.000ns fall@5.000ns period=10.000ns})
  Path Group:             (none)
  Path Type:              Recovery (Max at Slow Process Corner)
  Data Path Delay:        8.670ns  (logic 1.456ns (16.796%)  route 7.213ns (83.204%))
  Logic Levels:           1  (IBUF=1)
  Clock Path Skew:        4.785ns (DCD - SCD + CPR)
    Destination Clock Delay (DCD):    4.785ns
    Source Clock Delay      (SCD):    0.000ns
    Clock Pessimism Removal (CPR):    0.000ns
  Clock Uncertainty:      0.025ns  ((TSJ^2 + TIJ^2)^1/2 + DJ) / 2 + PE
    Total System Jitter     (TSJ):    0.050ns
    Total Input Jitter      (TIJ):    0.000ns
    Discrete Jitter          (DJ):    0.000ns
    Phase Error              (PE):    0.000ns

    Location             Delay type                Incr(ns)  Path(ns)    Netlist Resource(s)
  -------------------------------------------------------------------    -------------------
    R2                                                0.000     0.000 f  sw[15] (IN)
                         net (fo=0)                   0.000     0.000    sw[15]
    R2                   IBUF (Prop_ibuf_I_O)         1.456     1.456 f  sw_IBUF[15]_inst/O
                         net (fo=269, routed)         7.213     8.670    u_db_l/AR[0]
    SLICE_X14Y15         FDCE                                         f  u_db_l/cnt_reg[2]/CLR
  -------------------------------------------------------------------    -------------------

                         (clock sys_clk_pin rise edge)
                                                      0.000     0.000 r  
    W5                                                0.000     0.000 r  clk (IN)
                         net (fo=0)                   0.000     0.000    clk
    W5                   IBUF (Prop_ibuf_I_O)         1.388     1.388 r  clk_IBUF_inst/O
                         net (fo=1, routed)           1.862     3.250    clk_IBUF
    BUFGCTRL_X0Y0        BUFG (Prop_bufg_I_O)         0.091     3.341 r  clk_IBUF_BUFG_inst/O
                         net (fo=269, routed)         1.444     4.785    u_db_l/CLK
    SLICE_X14Y15         FDCE                                         r  u_db_l/cnt_reg[2]/C

Slack:                    inf
  Source:                 sw[15]
                            (input port)
  Destination:            u_db_l/cnt_reg[3]/CLR
                            (recovery check against rising-edge clock sys_clk_pin  {rise@0.000ns fall@5.000ns period=10.000ns})
  Path Group:             (none)
  Path Type:              Recovery (Max at Slow Process Corner)
  Data Path Delay:        8.670ns  (logic 1.456ns (16.796%)  route 7.213ns (83.204%))
  Logic Levels:           1  (IBUF=1)
  Clock Path Skew:        4.785ns (DCD - SCD + CPR)
    Destination Clock Delay (DCD):    4.785ns
    Source Clock Delay      (SCD):    0.000ns
    Clock Pessimism Removal (CPR):    0.000ns
  Clock Uncertainty:      0.025ns  ((TSJ^2 + TIJ^2)^1/2 + DJ) / 2 + PE
    Total System Jitter     (TSJ):    0.050ns
    Total Input Jitter      (TIJ):    0.000ns
    Discrete Jitter          (DJ):    0.000ns
    Phase Error              (PE):    0.000ns

    Location             Delay type                Incr(ns)  Path(ns)    Netlist Resource(s)
  -------------------------------------------------------------------    -------------------
    R2                                                0.000     0.000 f  sw[15] (IN)
                         net (fo=0)                   0.000     0.000    sw[15]
    R2                   IBUF (Prop_ibuf_I_O)         1.456     1.456 f  sw_IBUF[15]_inst/O
                         net (fo=269, routed)         7.213     8.670    u_db_l/AR[0]
    SLICE_X14Y15         FDCE                                         f  u_db_l/cnt_reg[3]/CLR
  -------------------------------------------------------------------    -------------------

                         (clock sys_clk_pin rise edge)
                                                      0.000     0.000 r  
    W5                                                0.000     0.000 r  clk (IN)
                         net (fo=0)                   0.000     0.000    clk
    W5                   IBUF (Prop_ibuf_I_O)         1.388     1.388 r  clk_IBUF_inst/O
                         net (fo=1, routed)           1.862     3.250    clk_IBUF
    BUFGCTRL_X0Y0        BUFG (Prop_bufg_I_O)         0.091     3.341 r  clk_IBUF_BUFG_inst/O
                         net (fo=269, routed)         1.444     4.785    u_db_l/CLK
    SLICE_X14Y15         FDCE                                         r  u_db_l/cnt_reg[3]/C

Slack:                    inf
  Source:                 sw[15]
                            (input port)
  Destination:            u_db_l/cnt_reg[4]/CLR
                            (recovery check against rising-edge clock sys_clk_pin  {rise@0.000ns fall@5.000ns period=10.000ns})
  Path Group:             (none)
  Path Type:              Recovery (Max at Slow Process Corner)
  Data Path Delay:        8.670ns  (logic 1.456ns (16.796%)  route 7.213ns (83.204%))
  Logic Levels:           1  (IBUF=1)
  Clock Path Skew:        4.785ns (DCD - SCD + CPR)
    Destination Clock Delay (DCD):    4.785ns
    Source Clock Delay      (SCD):    0.000ns
    Clock Pessimism Removal (CPR):    0.000ns
  Clock Uncertainty:      0.025ns  ((TSJ^2 + TIJ^2)^1/2 + DJ) / 2 + PE
    Total System Jitter     (TSJ):    0.050ns
    Total Input Jitter      (TIJ):    0.000ns
    Discrete Jitter          (DJ):    0.000ns
    Phase Error              (PE):    0.000ns

    Location             Delay type                Incr(ns)  Path(ns)    Netlist Resource(s)
  -------------------------------------------------------------------    -------------------
    R2                                                0.000     0.000 f  sw[15] (IN)
                         net (fo=0)                   0.000     0.000    sw[15]
    R2                   IBUF (Prop_ibuf_I_O)         1.456     1.456 f  sw_IBUF[15]_inst/O
                         net (fo=269, routed)         7.213     8.670    u_db_l/AR[0]
    SLICE_X14Y15         FDCE                                         f  u_db_l/cnt_reg[4]/CLR
  -------------------------------------------------------------------    -------------------

                         (clock sys_clk_pin rise edge)
                                                      0.000     0.000 r  
    W5                                                0.000     0.000 r  clk (IN)
                         net (fo=0)                   0.000     0.000    clk
    W5                   IBUF (Prop_ibuf_I_O)         1.388     1.388 r  clk_IBUF_inst/O
                         net (fo=1, routed)           1.862     3.250    clk_IBUF
    BUFGCTRL_X0Y0        BUFG (Prop_bufg_I_O)         0.091     3.341 r  clk_IBUF_BUFG_inst/O
                         net (fo=269, routed)         1.444     4.785    u_db_l/CLK
    SLICE_X14Y15         FDCE                                         r  u_db_l/cnt_reg[4]/C

Slack:                    inf
  Source:                 sw[15]
                            (input port)
  Destination:            u_db_l/cnt_reg[16]/CLR
                            (recovery check against rising-edge clock sys_clk_pin  {rise@0.000ns fall@5.000ns period=10.000ns})
  Path Group:             (none)
  Path Type:              Recovery (Max at Slow Process Corner)
  Data Path Delay:        8.495ns  (logic 1.456ns (17.141%)  route 7.039ns (82.859%))
  Logic Levels:           1  (IBUF=1)
  Clock Path Skew:        4.786ns (DCD - SCD + CPR)
    Destination Clock Delay (DCD):    4.786ns
    Source Clock Delay      (SCD):    0.000ns
    Clock Pessimism Removal (CPR):    0.000ns
  Clock Uncertainty:      0.025ns  ((TSJ^2 + TIJ^2)^1/2 + DJ) / 2 + PE
    Total System Jitter     (TSJ):    0.050ns
    Total Input Jitter      (TIJ):    0.000ns
    Discrete Jitter          (DJ):    0.000ns
    Phase Error              (PE):    0.000ns

    Location             Delay type                Incr(ns)  Path(ns)    Netlist Resource(s)
  -------------------------------------------------------------------    -------------------
    R2                                                0.000     0.000 f  sw[15] (IN)
                         net (fo=0)                   0.000     0.000    sw[15]
    R2                   IBUF (Prop_ibuf_I_O)         1.456     1.456 f  sw_IBUF[15]_inst/O
                         net (fo=269, routed)         7.039     8.495    u_db_l/AR[0]
    SLICE_X13Y14         FDCE                                         f  u_db_l/cnt_reg[16]/CLR
  -------------------------------------------------------------------    -------------------

                         (clock sys_clk_pin rise edge)
                                                      0.000     0.000 r  
    W5                                                0.000     0.000 r  clk (IN)
                         net (fo=0)                   0.000     0.000    clk
    W5                   IBUF (Prop_ibuf_I_O)         1.388     1.388 r  clk_IBUF_inst/O
                         net (fo=1, routed)           1.862     3.250    clk_IBUF
    BUFGCTRL_X0Y0        BUFG (Prop_bufg_I_O)         0.091     3.341 r  clk_IBUF_BUFG_inst/O
                         net (fo=269, routed)         1.445     4.786    u_db_l/CLK
    SLICE_X13Y14         FDCE                                         r  u_db_l/cnt_reg[16]/C





Min Delay Paths
--------------------------------------------------------------------------------------
Slack:                    inf
  Source:                 btnD
                            (input port)
  Destination:            u_db_d/sync0_reg/D
                            (rising edge-triggered cell FDCE clocked by sys_clk_pin  {rise@0.000ns fall@5.000ns period=10.000ns})
  Path Group:             (none)
  Path Type:              Hold (Min at Fast Process Corner)
  Data Path Delay:        0.574ns  (logic 0.221ns (38.448%)  route 0.353ns (61.552%))
  Logic Levels:           1  (IBUF=1)
  Clock Path Skew:        1.987ns (DCD - SCD - CPR)
    Destination Clock Delay (DCD):    1.987ns
    Source Clock Delay      (SCD):    0.000ns
    Clock Pessimism Removal (CPR):    -0.000ns

    Location             Delay type                Incr(ns)  Path(ns)    Netlist Resource(s)
  -------------------------------------------------------------------    -------------------
    U17                                               0.000     0.000 r  btnD (IN)
                         net (fo=0)                   0.000     0.000    btnD
    U17                  IBUF (Prop_ibuf_I_O)         0.221     0.221 r  btnD_IBUF_inst/O
                         net (fo=1, routed)           0.353     0.574    u_db_d/din
    SLICE_X5Y12          FDCE                                         r  u_db_d/sync0_reg/D
  -------------------------------------------------------------------    -------------------

                         (clock sys_clk_pin rise edge)
                                                      0.000     0.000 r  
    W5                                                0.000     0.000 r  clk (IN)
                         net (fo=0)                   0.000     0.000    clk
    W5                   IBUF (Prop_ibuf_I_O)         0.414     0.414 r  clk_IBUF_inst/O
                         net (fo=1, routed)           0.685     1.099    clk_IBUF
    BUFGCTRL_X0Y0        BUFG (Prop_bufg_I_O)         0.029     1.128 r  clk_IBUF_BUFG_inst/O
                         net (fo=269, routed)         0.860     1.987    u_db_d/CLK
    SLICE_X5Y12          FDCE                                         r  u_db_d/sync0_reg/C

Slack:                    inf
  Source:                 btnU
                            (input port)
  Destination:            u_db_u/sync0_reg/D
                            (rising edge-triggered cell FDCE clocked by sys_clk_pin  {rise@0.000ns fall@5.000ns period=10.000ns})
  Path Group:             (none)
  Path Type:              Hold (Min at Fast Process Corner)
  Data Path Delay:        0.640ns  (logic 0.222ns (34.678%)  route 0.418ns (65.322%))
  Logic Levels:           1  (IBUF=1)
  Clock Path Skew:        1.986ns (DCD - SCD - CPR)
    Destination Clock Delay (DCD):    1.986ns
    Source Clock Delay      (SCD):    0.000ns
    Clock Pessimism Removal (CPR):    -0.000ns

    Location             Delay type                Incr(ns)  Path(ns)    Netlist Resource(s)
  -------------------------------------------------------------------    -------------------
    T18                                               0.000     0.000 r  btnU (IN)
                         net (fo=0)                   0.000     0.000    btnU
    T18                  IBUF (Prop_ibuf_I_O)         0.222     0.222 r  btnU_IBUF_inst/O
                         net (fo=1, routed)           0.418     0.640    u_db_u/din
    SLICE_X4Y14          FDCE                                         r  u_db_u/sync0_reg/D
  -------------------------------------------------------------------    -------------------

                         (clock sys_clk_pin rise edge)
                                                      0.000     0.000 r  
    W5                                                0.000     0.000 r  clk (IN)
                         net (fo=0)                   0.000     0.000    clk
    W5                   IBUF (Prop_ibuf_I_O)         0.414     0.414 r  clk_IBUF_inst/O
                         net (fo=1, routed)           0.685     1.099    clk_IBUF
    BUFGCTRL_X0Y0        BUFG (Prop_bufg_I_O)         0.029     1.128 r  clk_IBUF_BUFG_inst/O
                         net (fo=269, routed)         0.859     1.986    u_db_u/CLK
    SLICE_X4Y14          FDCE                                         r  u_db_u/sync0_reg/C

Slack:                    inf
  Source:                 btnC
                            (input port)
  Destination:            u_db_c/sync0_reg/D
                            (rising edge-triggered cell FDCE clocked by sys_clk_pin  {rise@0.000ns fall@5.000ns period=10.000ns})
  Path Group:             (none)
  Path Type:              Hold (Min at Fast Process Corner)
  Data Path Delay:        0.707ns  (logic 0.210ns (29.618%)  route 0.498ns (70.382%))
  Logic Levels:           1  (IBUF=1)
  Clock Path Skew:        1.958ns (DCD - SCD - CPR)
    Destination Clock Delay (DCD):    1.958ns
    Source Clock Delay      (SCD):    0.000ns
    Clock Pessimism Removal (CPR):    -0.000ns

    Location             Delay type                Incr(ns)  Path(ns)    Netlist Resource(s)
  -------------------------------------------------------------------    -------------------
    U18                                               0.000     0.000 r  btnC (IN)
                         net (fo=0)                   0.000     0.000    btnC
    U18                  IBUF (Prop_ibuf_I_O)         0.210     0.210 r  btnC_IBUF_inst/O
                         net (fo=1, routed)           0.498     0.707    u_db_c/din
    SLICE_X11Y14         FDCE                                         r  u_db_c/sync0_reg/D
  -------------------------------------------------------------------    -------------------

                         (clock sys_clk_pin rise edge)
                                                      0.000     0.000 r  
    W5                                                0.000     0.000 r  clk (IN)
                         net (fo=0)                   0.000     0.000    clk
    W5                   IBUF (Prop_ibuf_I_O)         0.414     0.414 r  clk_IBUF_inst/O
                         net (fo=1, routed)           0.685     1.099    clk_IBUF
    BUFGCTRL_X0Y0        BUFG (Prop_bufg_I_O)         0.029     1.128 r  clk_IBUF_BUFG_inst/O
                         net (fo=269, routed)         0.831     1.958    u_db_c/CLK
    SLICE_X11Y14         FDCE                                         r  u_db_c/sync0_reg/C

Slack:                    inf
  Source:                 btnR
                            (input port)
  Destination:            u_db_r/sync0_reg/D
                            (rising edge-triggered cell FDCE clocked by sys_clk_pin  {rise@0.000ns fall@5.000ns period=10.000ns})
  Path Group:             (none)
  Path Type:              Hold (Min at Fast Process Corner)
  Data Path Delay:        0.734ns  (logic 0.219ns (29.856%)  route 0.515ns (70.144%))
  Logic Levels:           1  (IBUF=1)
  Clock Path Skew:        1.961ns (DCD - SCD - CPR)
    Destination Clock Delay (DCD):    1.961ns
    Source Clock Delay      (SCD):    0.000ns
    Clock Pessimism Removal (CPR):    -0.000ns

    Location             Delay type                Incr(ns)  Path(ns)    Netlist Resource(s)
  -------------------------------------------------------------------    -------------------
    T17                                               0.000     0.000 r  btnR (IN)
                         net (fo=0)                   0.000     0.000    btnR
    T17                  IBUF (Prop_ibuf_I_O)         0.219     0.219 r  btnR_IBUF_inst/O
                         net (fo=1, routed)           0.515     0.734    u_db_r/din
    SLICE_X9Y11          FDCE                                         r  u_db_r/sync0_reg/D
  -------------------------------------------------------------------    -------------------

                         (clock sys_clk_pin rise edge)
                                                      0.000     0.000 r  
    W5                                                0.000     0.000 r  clk (IN)
                         net (fo=0)                   0.000     0.000    clk
    W5                   IBUF (Prop_ibuf_I_O)         0.414     0.414 r  clk_IBUF_inst/O
                         net (fo=1, routed)           0.685     1.099    clk_IBUF
    BUFGCTRL_X0Y0        BUFG (Prop_bufg_I_O)         0.029     1.128 r  clk_IBUF_BUFG_inst/O
                         net (fo=269, routed)         0.834     1.961    u_db_r/CLK
    SLICE_X9Y11          FDCE                                         r  u_db_r/sync0_reg/C

Slack:                    inf
  Source:                 btnL
                            (input port)
  Destination:            u_db_l/sync0_reg/D
                            (rising edge-triggered cell FDCE clocked by sys_clk_pin  {rise@0.000ns fall@5.000ns period=10.000ns})
  Path Group:             (none)
  Path Type:              Hold (Min at Fast Process Corner)
  Data Path Delay:        0.791ns  (logic 0.219ns (27.728%)  route 0.572ns (72.272%))
  Logic Levels:           1  (IBUF=1)
  Clock Path Skew:        1.956ns (DCD - SCD - CPR)
    Destination Clock Delay (DCD):    1.956ns
    Source Clock Delay      (SCD):    0.000ns
    Clock Pessimism Removal (CPR):    -0.000ns

    Location             Delay type                Incr(ns)  Path(ns)    Netlist Resource(s)
  -------------------------------------------------------------------    -------------------
    W19                                               0.000     0.000 r  btnL (IN)
                         net (fo=0)                   0.000     0.000    btnL
    W19                  IBUF (Prop_ibuf_I_O)         0.219     0.219 r  btnL_IBUF_inst/O
                         net (fo=1, routed)           0.572     0.791    u_db_l/din
    SLICE_X12Y16         FDCE                                         r  u_db_l/sync0_reg/D
  -------------------------------------------------------------------    -------------------

                         (clock sys_clk_pin rise edge)
                                                      0.000     0.000 r  
    W5                                                0.000     0.000 r  clk (IN)
                         net (fo=0)                   0.000     0.000    clk
    W5                   IBUF (Prop_ibuf_I_O)         0.414     0.414 r  clk_IBUF_inst/O
                         net (fo=1, routed)           0.685     1.099    clk_IBUF
    BUFGCTRL_X0Y0        BUFG (Prop_bufg_I_O)         0.029     1.128 r  clk_IBUF_BUFG_inst/O
                         net (fo=269, routed)         0.829     1.956    u_db_l/CLK
    SLICE_X12Y16         FDCE                                         r  u_db_l/sync0_reg/C

Slack:                    inf
  Source:                 sw[15]
                            (input port)
  Destination:            u_scan/divcnt_reg[13]/CLR
                            (removal check against rising-edge clock sys_clk_pin  {rise@0.000ns fall@5.000ns period=10.000ns})
  Path Group:             (none)
  Path Type:              Removal (Min at Fast Process Corner)
  Data Path Delay:        1.639ns  (logic 0.224ns (13.680%)  route 1.415ns (86.320%))
  Logic Levels:           1  (IBUF=1)
  Clock Path Skew:        1.952ns (DCD - SCD - CPR)
    Destination Clock Delay (DCD):    1.952ns
    Source Clock Delay      (SCD):    0.000ns
    Clock Pessimism Removal (CPR):    -0.000ns

    Location             Delay type                Incr(ns)  Path(ns)    Netlist Resource(s)
  -------------------------------------------------------------------    -------------------
    R2                                                0.000     0.000 f  sw[15] (IN)
                         net (fo=0)                   0.000     0.000    sw[15]
    R2                   IBUF (Prop_ibuf_I_O)         0.224     0.224 f  sw_IBUF[15]_inst/O
                         net (fo=269, routed)         1.415     1.639    u_scan/AR[0]
    SLICE_X10Y29         FDCE                                         f  u_scan/divcnt_reg[13]/CLR
  -------------------------------------------------------------------    -------------------

                         (clock sys_clk_pin rise edge)
                                                      0.000     0.000 r  
    W5                                                0.000     0.000 r  clk (IN)
                         net (fo=0)                   0.000     0.000    clk
    W5                   IBUF (Prop_ibuf_I_O)         0.414     0.414 r  clk_IBUF_inst/O
                         net (fo=1, routed)           0.685     1.099    clk_IBUF
    BUFGCTRL_X0Y0        BUFG (Prop_bufg_I_O)         0.029     1.128 r  clk_IBUF_BUFG_inst/O
                         net (fo=269, routed)         0.825     1.952    u_scan/CLK
    SLICE_X10Y29         FDCE                                         r  u_scan/divcnt_reg[13]/C

Slack:                    inf
  Source:                 sw[15]
                            (input port)
  Destination:            u_scan/divcnt_reg[14]/CLR
                            (removal check against rising-edge clock sys_clk_pin  {rise@0.000ns fall@5.000ns period=10.000ns})
  Path Group:             (none)
  Path Type:              Removal (Min at Fast Process Corner)
  Data Path Delay:        1.639ns  (logic 0.224ns (13.680%)  route 1.415ns (86.320%))
  Logic Levels:           1  (IBUF=1)
  Clock Path Skew:        1.952ns (DCD - SCD - CPR)
    Destination Clock Delay (DCD):    1.952ns
    Source Clock Delay      (SCD):    0.000ns
    Clock Pessimism Removal (CPR):    -0.000ns

    Location             Delay type                Incr(ns)  Path(ns)    Netlist Resource(s)
  -------------------------------------------------------------------    -------------------
    R2                                                0.000     0.000 f  sw[15] (IN)
                         net (fo=0)                   0.000     0.000    sw[15]
    R2                   IBUF (Prop_ibuf_I_O)         0.224     0.224 f  sw_IBUF[15]_inst/O
                         net (fo=269, routed)         1.415     1.639    u_scan/AR[0]
    SLICE_X10Y29         FDCE                                         f  u_scan/divcnt_reg[14]/CLR
  -------------------------------------------------------------------    -------------------

                         (clock sys_clk_pin rise edge)
                                                      0.000     0.000 r  
    W5                                                0.000     0.000 r  clk (IN)
                         net (fo=0)                   0.000     0.000    clk
    W5                   IBUF (Prop_ibuf_I_O)         0.414     0.414 r  clk_IBUF_inst/O
                         net (fo=1, routed)           0.685     1.099    clk_IBUF
    BUFGCTRL_X0Y0        BUFG (Prop_bufg_I_O)         0.029     1.128 r  clk_IBUF_BUFG_inst/O
                         net (fo=269, routed)         0.825     1.952    u_scan/CLK
    SLICE_X10Y29         FDCE                                         r  u_scan/divcnt_reg[14]/C

Slack:                    inf
  Source:                 sw[15]
                            (input port)
  Destination:            u_scan/divcnt_reg[20]/CLR
                            (removal check against rising-edge clock sys_clk_pin  {rise@0.000ns fall@5.000ns period=10.000ns})
  Path Group:             (none)
  Path Type:              Removal (Min at Fast Process Corner)
  Data Path Delay:        1.639ns  (logic 0.224ns (13.680%)  route 1.415ns (86.320%))
  Logic Levels:           1  (IBUF=1)
  Clock Path Skew:        1.952ns (DCD - SCD - CPR)
    Destination Clock Delay (DCD):    1.952ns
    Source Clock Delay      (SCD):    0.000ns
    Clock Pessimism Removal (CPR):    -0.000ns

    Location             Delay type                Incr(ns)  Path(ns)    Netlist Resource(s)
  -------------------------------------------------------------------    -------------------
    R2                                                0.000     0.000 f  sw[15] (IN)
                         net (fo=0)                   0.000     0.000    sw[15]
    R2                   IBUF (Prop_ibuf_I_O)         0.224     0.224 f  sw_IBUF[15]_inst/O
                         net (fo=269, routed)         1.415     1.639    u_scan/AR[0]
    SLICE_X10Y29         FDCE                                         f  u_scan/divcnt_reg[20]/CLR
  -------------------------------------------------------------------    -------------------

                         (clock sys_clk_pin rise edge)
                                                      0.000     0.000 r  
    W5                                                0.000     0.000 r  clk (IN)
                         net (fo=0)                   0.000     0.000    clk
    W5                   IBUF (Prop_ibuf_I_O)         0.414     0.414 r  clk_IBUF_inst/O
                         net (fo=1, routed)           0.685     1.099    clk_IBUF
    BUFGCTRL_X0Y0        BUFG (Prop_bufg_I_O)         0.029     1.128 r  clk_IBUF_BUFG_inst/O
                         net (fo=269, routed)         0.825     1.952    u_scan/CLK
    SLICE_X10Y29         FDCE                                         r  u_scan/divcnt_reg[20]/C

Slack:                    inf
  Source:                 sw[15]
                            (input port)
  Destination:            u_scan/divcnt_reg[21]/CLR
                            (removal check against rising-edge clock sys_clk_pin  {rise@0.000ns fall@5.000ns period=10.000ns})
  Path Group:             (none)
  Path Type:              Removal (Min at Fast Process Corner)
  Data Path Delay:        1.639ns  (logic 0.224ns (13.680%)  route 1.415ns (86.320%))
  Logic Levels:           1  (IBUF=1)
  Clock Path Skew:        1.952ns (DCD - SCD - CPR)
    Destination Clock Delay (DCD):    1.952ns
    Source Clock Delay      (SCD):    0.000ns
    Clock Pessimism Removal (CPR):    -0.000ns

    Location             Delay type                Incr(ns)  Path(ns)    Netlist Resource(s)
  -------------------------------------------------------------------    -------------------
    R2                                                0.000     0.000 f  sw[15] (IN)
                         net (fo=0)                   0.000     0.000    sw[15]
    R2                   IBUF (Prop_ibuf_I_O)         0.224     0.224 f  sw_IBUF[15]_inst/O
                         net (fo=269, routed)         1.415     1.639    u_scan/AR[0]
    SLICE_X10Y29         FDCE                                         f  u_scan/divcnt_reg[21]/CLR
  -------------------------------------------------------------------    -------------------

                         (clock sys_clk_pin rise edge)
                                                      0.000     0.000 r  
    W5                                                0.000     0.000 r  clk (IN)
                         net (fo=0)                   0.000     0.000    clk
    W5                   IBUF (Prop_ibuf_I_O)         0.414     0.414 r  clk_IBUF_inst/O
                         net (fo=1, routed)           0.685     1.099    clk_IBUF
    BUFGCTRL_X0Y0        BUFG (Prop_bufg_I_O)         0.029     1.128 r  clk_IBUF_BUFG_inst/O
                         net (fo=269, routed)         0.825     1.952    u_scan/CLK
    SLICE_X10Y29         FDCE                                         r  u_scan/divcnt_reg[21]/C

Slack:                    inf
  Source:                 sw[15]
                            (input port)
  Destination:            u_scan/divcnt_reg[7]/CLR
                            (removal check against rising-edge clock sys_clk_pin  {rise@0.000ns fall@5.000ns period=10.000ns})
  Path Group:             (none)
  Path Type:              Removal (Min at Fast Process Corner)
  Data Path Delay:        1.776ns  (logic 0.224ns (12.627%)  route 1.552ns (87.373%))
  Logic Levels:           1  (IBUF=1)
  Clock Path Skew:        1.950ns (DCD - SCD - CPR)
    Destination Clock Delay (DCD):    1.950ns
    Source Clock Delay      (SCD):    0.000ns
    Clock Pessimism Removal (CPR):    -0.000ns

    Location             Delay type                Incr(ns)  Path(ns)    Netlist Resource(s)
  -------------------------------------------------------------------    -------------------
    R2                                                0.000     0.000 f  sw[15] (IN)
                         net (fo=0)                   0.000     0.000    sw[15]
    R2                   IBUF (Prop_ibuf_I_O)         0.224     0.224 f  sw_IBUF[15]_inst/O
                         net (fo=269, routed)         1.552     1.776    u_scan/AR[0]
    SLICE_X10Y27         FDCE                                         f  u_scan/divcnt_reg[7]/CLR
  -------------------------------------------------------------------    -------------------

                         (clock sys_clk_pin rise edge)
                                                      0.000     0.000 r  
    W5                                                0.000     0.000 r  clk (IN)
                         net (fo=0)                   0.000     0.000    clk
    W5                   IBUF (Prop_ibuf_I_O)         0.414     0.414 r  clk_IBUF_inst/O
                         net (fo=1, routed)           0.685     1.099    clk_IBUF
    BUFGCTRL_X0Y0        BUFG (Prop_bufg_I_O)         0.029     1.128 r  clk_IBUF_BUFG_inst/O
                         net (fo=269, routed)         0.823     1.950    u_scan/CLK
    SLICE_X10Y27         FDCE                                         r  u_scan/divcnt_reg[7]/C





